,TLD,Type,Punycode,Language Code,Translation,Romanized,RTL,Sponsor
0,aaa,gTLD,,,,,no,"American Automobile Association, Inc."
1,aarp,gTLD,,,,,no,AARP
2,abarth,gTLD,,,,,no,Fiat Chrysler Automobiles N.V.
3,abb,gTLD,,,,,no,ABB Ltd
4,abbott,gTLD,,,,,no,"Abbott Laboratories, Inc."
5,abbvie,gTLD,,,,,no,AbbVie Inc.
6,abc,gTLD,,,,,no,"Disney Enterprises, Inc."
7,able,gTLD,,,,,no,Able Inc.
8,abogado,gTLD,,,lawyer,,no,"Registry Services, LLC"
9,abudhabi,gTLD,,,,,no,Abu Dhabi Systems and Information Centre
10,ac,ccTLD,,,,,no,Internet Computer Bureau Limited
11,academy,gTLD,,,,,no,"Binky Moon, LLC"
12,accenture,gTLD,,,,,no,Accenture plc
13,accountant,gTLD,,,,,no,dot Accountant Limited
14,accountants,gTLD,,,,,no,"Binky Moon, LLC"
15,aco,gTLD,,,,,no,ACO Severin Ahlmann GmbH & Co. KG
16,active,gTLD,,,,,no,
17,actor,gTLD,,,,,no,"Dog Beach, LLC"
18,ad,ccTLD,,,,,no,Andorra Telecom
19,adac,gTLD,,,,,no,
20,ads,gTLD,,,,,no,Charleston Road Registry Inc.
21,adult,gTLD,,,,,no,ICM Registry AD LLC
22,ae,ccTLD,,,,,no,Telecommunications and Digital Government Regulatory Authority (TDRA)
23,aeg,gTLD,,,,,no,Aktiebolaget Electrolux
24,aero,sTLD,,,,,no,Societe Internationale de Telecommunications Aeronautique (SITA INC USA)
25,aetna,gTLD,,,,,no,Aetna Life Insurance Company
26,af,ccTLD,,,,,no,Ministry of Communications and IT
27,afamilycompany,gTLD,,,,,no,
28,afl,gTLD,,,,,no,Australian Football League
29,africa,gTLD,,,,,no,ZA Central Registry NPC trading as Registry.Africa
30,ag,ccTLD,,,,,no,UHSA School of Medicine
31,agakhan,gTLD,,,,,no,Fondation Aga Khan (Aga Khan Foundation)
32,agency,gTLD,,,,,no,"Binky Moon, LLC"
33,ai,ccTLD,,,,,no,Government of Anguilla
34,aig,gTLD,,,,,no,"American International Group, Inc."
35,aigo,gTLD,,,,,no,
36,airbus,gTLD,,,,,no,Airbus S.A.S.
37,airforce,gTLD,,,,,no,"Dog Beach, LLC"
38,airtel,gTLD,,,,,no,Bharti Airtel Limited
39,akdn,gTLD,,,,,no,Fondation Aga Khan (Aga Khan Foundation)
40,al,ccTLD,,,,,no,Electronic and Postal Communications Authority - AKEP
41,alfaromeo,gTLD,,,,,no,Fiat Chrysler Automobiles N.V.
42,alibaba,gTLD,,,,,no,Alibaba Group Holding Limited
43,alipay,gTLD,,,,,no,Alibaba Group Holding Limited
44,allfinanz,gTLD,,,,,no,Allfinanz Deutsche Vermögensberatung Aktiengesellschaft
45,allstate,gTLD,,,,,no,Allstate Fire and Casualty Insurance Company
46,ally,gTLD,,,,,no,Ally Financial Inc.
47,alsace,gTLD,,,,,no,REGION GRAND EST
48,alstom,gTLD,,,,,no,ALSTOM
49,am,ccTLD,,,,,no,"""Internet Society"" Non-governmental Organization"
50,amazon,gTLD,,,,,no,"Amazon Registry Services, Inc."
51,americanexpress,gTLD,,,,,no,"American Express Travel Related Services Company, Inc."
52,americanfamily,gTLD,,,,,no,"AmFam, Inc."
53,amex,gTLD,,,,,no,"American Express Travel Related Services Company, Inc."
54,amfam,gTLD,,,,,no,"AmFam, Inc."
55,amica,gTLD,,,,,no,Amica Mutual Insurance Company
56,amsterdam,gTLD,,,,,no,Gemeente Amsterdam
57,an,ccTLD,,,,,no,
58,analytics,gTLD,,,,,no,Campus IP LLC
59,android,gTLD,,,,,no,Charleston Road Registry Inc.
60,anquan,gTLD,,,,,no,QIHOO 360 TECHNOLOGY CO. LTD.
61,anz,gTLD,,,,,no,Australia and New Zealand Banking Group Limited
62,ao,ccTLD,,,,,no,Ministry of Telecommunications and Information Technologies (MTTI)
63,aol,gTLD,,,,,no,OATH Inc.
64,apartments,gTLD,,,,,no,"Binky Moon, LLC"
65,app,gTLD,,,,,no,Charleston Road Registry Inc.
66,apple,gTLD,,,,,no,Apple Inc.
67,aq,ccTLD,,,,,no,Antarctica Network Information Centre Limited
68,aquarelle,gTLD,,,,,no,Aquarelle.com
69,ar,ccTLD,,,,,no,Presidencia de la Nación – Secretaría Legal y Técnica
70,arab,gTLD,,,,,no,League of Arab States
71,aramco,gTLD,,,,,no,Aramco Services Company
72,archi,gTLD,,,,,no,Afilias Limited
73,army,gTLD,,,,,no,"Dog Beach, LLC"
74,arpa,infrastructure,,,,,no,Internet Architecture Board (IAB)
75,art,gTLD,,,,,no,UK Creative Ideas Limited
76,arte,gTLD,,,,,no,Association Relative à la Télévision Européenne G.E.I.E.
77,as,ccTLD,,,,,no,AS Domain Registry
78,asda,gTLD,,,,,no,"Wal-Mart Stores, Inc."
79,asia,sTLD,,,,,no,DotAsia Organisation Ltd.
80,associates,gTLD,,,,,no,"Binky Moon, LLC"
81,at,ccTLD,,,,,no,nic.at GmbH
82,athleta,gTLD,,,,,no,"The Gap, Inc."
83,attorney,gTLD,,,,,no,"Dog Beach, LLC"
84,au,ccTLD,,,,,no,.au Domain Administration (auDA)
85,auction,gTLD,,,,,no,"Dog Beach, LLC"
86,audi,gTLD,,,,,no,AUDI Aktiengesellschaft
87,audible,gTLD,,,,,no,"Amazon Registry Services, Inc."
88,audio,gTLD,,,,,no,XYZ.COM LLC
89,auspost,gTLD,,,,,no,Australian Postal Corporation
90,author,gTLD,,,,,no,"Amazon Registry Services, Inc."
91,auto,gTLD,,,,,no,XYZ.COM LLC
92,autos,gTLD,,,,,no,XYZ.COM LLC
93,avianca,gTLD,,,,,no,Avianca Holdings S.A.
94,aw,ccTLD,,,,,no,SETAR
95,aws,gTLD,,,,,no,AWS Registry LLC
96,ax,ccTLD,,,,,no,Ålands landskapsregering
97,axa,gTLD,,,,,no,AXA Group Operations SAS
98,az,ccTLD,,,,,no,IntraNS
99,azure,gTLD,,,,,no,Microsoft Corporation
100,ba,ccTLD,,,,,no,Universtiy Telinformatic Centre (UTIC)
101,baby,gTLD,,,,,no,XYZ.COM LLC
102,baidu,gTLD,,,,,no,"Baidu, Inc."
103,banamex,gTLD,,,,,no,Citigroup Inc.
104,bananarepublic,gTLD,,,,,no,"The Gap, Inc."
105,band,gTLD,,,,,no,"Dog Beach, LLC"
106,bank,gTLD,,,,,no,"fTLD Registry Services, LLC"
107,bar,gTLD,,,,,no,Punto 2012 Sociedad Anonima Promotora de Inversion de Capital Variable
108,barcelona,gTLD,,,,,no,Municipi de Barcelona
109,barclaycard,gTLD,,,,,no,Barclays Bank PLC
110,barclays,gTLD,,,,,no,Barclays Bank PLC
111,barefoot,gTLD,,,,,no,"Gallo Vineyards, Inc."
112,bargains,gTLD,,,,,no,"Binky Moon, LLC"
113,baseball,gTLD,,,,,no,"MLB Advanced Media DH, LLC"
114,basketball,gTLD,,,,,no,Fédération Internationale de Basketball (FIBA)
115,bauhaus,gTLD,,,,,no,Werkhaus GmbH
116,bayern,gTLD,,,,,no,Bayern Connect GmbH
117,bb,ccTLD,,,,,no,"Ministry of Innovation, Science and Smart Technology"
118,bbc,gTLD,,,,,no,British Broadcasting Corporation
119,bbt,gTLD,,,,,no,BB&T Corporation
120,bbva,gTLD,,,,,no,"BANCO BILBAO VIZCAYA ARGENTARIA, S.A."
121,bcg,gTLD,,,,,no,"The Boston Consulting Group, Inc."
122,bcn,gTLD,,,,,no,Municipi de Barcelona
123,bd,ccTLD,,,,,no,Posts and Telecommunications Division
124,be,ccTLD,,,,,no,DNS Belgium vzw/asbl
125,beats,gTLD,,,,,no,"Beats Electronics, LLC"
126,beauty,gTLD,,,,,no,XYZ.COM LLC
127,beer,gTLD,,,,,no,"Registry Services, LLC"
128,bentley,gTLD,,,,,no,Bentley Motors Limited
129,berlin,gTLD,,,,,no,dotBERLIN GmbH & Co. KG
130,best,gTLD,,,,,no,BestTLD Pty Ltd
131,bestbuy,gTLD,,,,,no,"BBY Solutions, Inc."
132,bet,gTLD,,,,,no,Afilias Limited
133,bf,ccTLD,,,,,no,ARCE-AutoritÈ de RÈgulation des Communications Electroniques
134,bg,ccTLD,,,,,no,Register.BG
135,bh,ccTLD,,,,,no,Telecommunications Regulatory Authority (TRA)
136,bharti,gTLD,,,,,no,Bharti Enterprises (Holding) Private Limited
137,bi,ccTLD,,,,,no,Centre National de l'Informatique
138,bible,gTLD,,,,,no,American Bible Society
139,bid,gTLD,,,,,no,dot Bid Limited
140,bike,gTLD,,,,,no,"Binky Moon, LLC"
141,bing,gTLD,,,,,no,Microsoft Corporation
142,bingo,gTLD,,,,,no,"Binky Moon, LLC"
143,bio,gTLD,,,,,no,Afilias Limited
144,biz,grTLD,,,,,no,"Registry Services, LLC"
145,bj,ccTLD,,,,,no,Autorité de Régulation des Communications Electroniques et de la Poste du Bénin (ARCEP BENIN)
146,bl,ccTLD,,,,,no,
147,black,gTLD,,,,,no,Afilias Limited
148,blackfriday,gTLD,,,,,no,"Registry Services, LLC"
149,blanco,gTLD,,,,,no,
150,blockbuster,gTLD,,,,,no,Dish DBS Corporation
151,blog,gTLD,,,,,no,"Knock Knock WHOIS There, LLC"
152,bloomberg,gTLD,,,,,no,Bloomberg IP Holdings LLC
153,blue,gTLD,,,,,no,Afilias Limited
154,bm,ccTLD,,,,,no,"Registry General Department, Ministry of Home Affairs"
155,bms,gTLD,,,,,no,Bristol-Myers Squibb Company
156,bmw,gTLD,,,,,no,Bayerische Motoren Werke Aktiengesellschaft
157,bn,ccTLD,,,,,no,Authority for Info-communications Technology Industry of Brunei Darussalam (AITI)
158,bnl,gTLD,,,,,no,
159,bnpparibas,gTLD,,,,,no,BNP Paribas
160,bo,ccTLD,,,,,no,Agencia para el Desarrollo de la Información de la Sociedad en Bolivia
161,boats,gTLD,,,,,no,XYZ.COM LLC
162,boehringer,gTLD,,,,,no,Boehringer Ingelheim International GmbH
163,bofa,gTLD,,,,,no,Bank of America Corporation
164,bom,gTLD,,,good,,no,Núcleo de Informação e Coordenação do Ponto BR - NIC.br
165,bond,gTLD,,,,,no,Shortdot SA
166,boo,gTLD,,,,,no,Charleston Road Registry Inc.
167,book,gTLD,,,,,no,"Amazon Registry Services, Inc."
168,booking,gTLD,,,,,no,Booking.com B.V.
169,boots,gTLD,,,,,no,
170,bosch,gTLD,,,,,no,Robert Bosch GMBH
171,bostik,gTLD,,,,,no,Bostik SA
172,boston,gTLD,,,,,no,"Registry Services, LLC"
173,bot,gTLD,,,,,no,"Amazon Registry Services, Inc."
174,boutique,gTLD,,,,,no,"Binky Moon, LLC"
175,box,gTLD,,,,,no,Intercap Registry Inc.
176,bq,ccTLD,,,,,no,
177,br,ccTLD,,,,,no,Comite Gestor da Internet no Brasil
178,bradesco,gTLD,,,,,no,Banco Bradesco S.A.
179,bridgestone,gTLD,,,,,no,Bridgestone Corporation
180,broadway,gTLD,,,,,no,"Celebrate Broadway, Inc."
181,broker,gTLD,,,,,no,"Dog Beach, LLC"
182,brother,gTLD,,,,,no,"Brother Industries, Ltd."
183,brussels,gTLD,,,,,no,DNS.be vzw
184,bs,ccTLD,,,,,no,University of The Bahamas
185,bt,ccTLD,,,,,no,Ministry of Information and Communications
186,budapest,gTLD,,,,,no,
187,bugatti,gTLD,,,,,no,
188,build,gTLD,,,,,no,Plan Bee LLC
189,builders,gTLD,,,,,no,"Binky Moon, LLC"
190,business,gTLD,,,,,no,"Binky Moon, LLC"
191,buy,gTLD,,,,,no,"Amazon Registry Services, INC"
192,buzz,gTLD,,,,,no,DOTSTRATEGY CO.
193,bv,ccTLD,,,,,no,Norid A/S
194,bw,ccTLD,,,,,no,Botswana Communications Regulatory Authority (BOCRA)
195,by,ccTLD,,,,,no,Belarusian Cloud Technologies LLC
196,bz,ccTLD,,,,,no,University of Belize
197,bzh,gTLD,,,,,no,Association www.bzh
198,ca,ccTLD,,,,,no,Canadian Internet Registration Authority (CIRA) Autorité Canadienne pour les enregistrements Internet (ACEI)
199,cab,gTLD,,,,,no,"Binky Moon, LLC"
200,cafe,gTLD,,,café,,no,"Binky Moon, LLC"
201,cal,gTLD,,,,,no,Charleston Road Registry Inc.
202,call,gTLD,,,,,no,"Amazon Registry Services, Inc."
203,calvinklein,gTLD,,,,,no,PVH gTLD Holdings LLC
204,cam,gTLD,,,,,no,CAM Connecting SARL
205,camera,gTLD,,,,,no,"Binky Moon, LLC"
206,camp,gTLD,,,,,no,"Binky Moon, LLC"
207,cancerresearch,gTLD,,,,,no,
208,canon,gTLD,,,,,no,Canon Inc.
209,capetown,gTLD,,,,,no,ZA Central Registry NPC trading as ZA Central Registry
210,capital,gTLD,,,,,no,"Binky Moon, LLC"
211,capitalone,gTLD,,,,,no,Capital One Financial Corporation
212,car,gTLD,,,,,no,XYZ.COM LLC
213,caravan,gTLD,,,,,no,"Caravan International, Inc."
214,cards,gTLD,,,,,no,"Binky Moon, LLC"
215,care,gTLD,,,,,no,"Binky Moon, LLC"
216,career,gTLD,,,,,no,dotCareer LLC
217,careers,gTLD,,,,,no,"Binky Moon, LLC"
218,cars,gTLD,,,,,no,XYZ.COM LLC
219,cartier,gTLD,,,,,no,
220,casa,gTLD,,,house,,no,"Registry Services, LLC"
221,case,gTLD,,,,,no,CNH Industrial N.V.
222,caseih,gTLD,,,,,no,
223,cash,gTLD,,,,,no,"Binky Moon, LLC"
224,casino,gTLD,,,,,no,"Binky Moon, LLC"
225,cat,sTLD,,,,,no,Fundacio puntCAT
226,catering,gTLD,,,,,no,"Binky Moon, LLC"
227,catholic,gTLD,,,,,no,Pontificium Consilium de Comunicationibus Socialibus (PCCS) (Pontifical Council for Social Communication)
228,cba,gTLD,,,,,no,COMMONWEALTH BANK OF AUSTRALIA
229,cbn,gTLD,,,,,no,"The Christian Broadcasting Network, Inc."
230,cbre,gTLD,,,,,no,"CBRE, Inc."
231,cbs,gTLD,,,,,no,CBS Domains Inc.
232,cc,ccTLD,,,,,no,"eNIC Cocos (Keeling) Islands Pty.
Ltd. d/b/a Island Internet Services"
233,cd,ccTLD,,,,,no,Office Congolais des Postes et Télécommunications - OCPT
234,ceb,gTLD,,,,,no,
235,center,gTLD,,,,,no,"Binky Moon, LLC"
236,ceo,gTLD,,,,,no,CEOTLD Pty Ltd
237,cern,gTLD,,,,,no,"European Organization for Nuclear Research (""CERN"")"
238,cf,ccTLD,,,,,no,Societe Centrafricaine de Telecommunications (SOCATEL)
239,cfa,gTLD,,,,,no,CFA Institute
240,cfd,gTLD,,,,,no,DOTCFD REGISTRY LTD
241,cg,ccTLD,,,,,no,Interpoint Switzerland
242,ch,ccTLD,,,,,no,SWITCH The Swiss Education & Research Network
243,chanel,gTLD,,,,,no,Chanel International B.V.
244,channel,gTLD,,,,,no,Charleston Road Registry Inc.
245,charity,gTLD,,,,,no,Public Interest Registry (PIR)
246,chase,gTLD,,,,,no,"JPMorgan Chase Bank, National Association"
247,chat,gTLD,,,,,no,"Binky Moon, LLC"
248,cheap,gTLD,,,,,no,"Binky Moon, LLC"
249,chintai,gTLD,,,,,no,CHINTAI Corporation
250,chloe,gTLD,,,,,no,
251,christmas,gTLD,,,,,no,XYZ.COM LLC
252,chrome,gTLD,,,,,no,Charleston Road Registry Inc.
253,chrysler,gTLD,,,,,no,
254,church,gTLD,,,,,no,"Binky Moon, LLC"
255,ci,ccTLD,,,,,no,Autorité de Régulation des Télécommunications/TIC de Côte d’lvoire (ARTCI)
256,cipriani,gTLD,,,,,no,Hotel Cipriani Srl
257,circle,gTLD,,,,,no,"Amazon Registry Services, Inc."
258,cisco,gTLD,,,,,no,"Cisco Technology, Inc."
259,citadel,gTLD,,,,,no,Citadel Domain LLC
260,citi,gTLD,,,,,no,Citigroup Inc.
261,citic,gTLD,,,,,no,CITIC Group Corporation
262,city,gTLD,,,,,no,"Binky Moon, LLC"
263,cityeats,gTLD,,,,,no,"Lifestyle Domain Holdings, Inc."
264,ck,ccTLD,,,,,no,Telecom Cook Islands Ltd.
265,cl,ccTLD,,,,,no,NIC Chile (University of Chile)
266,claims,gTLD,,,,,no,"Binky Moon, LLC"
267,cleaning,gTLD,,,,,no,"Binky Moon, LLC"
268,click,gTLD,,,,,no,UNR Corp.
269,clinic,gTLD,,,,,no,"Binky Moon, LLC"
270,clinique,gTLD,,,hospital,,no,The Estée Lauder Companies Inc.
271,clothing,gTLD,,,,,no,"Binky Moon, LLC"
272,cloud,gTLD,,,,,no,ARUBA PEC S.p.A.
273,club,gTLD,,,,,no,"Registry Services, LLC"
274,clubmed,gTLD,,,,,no,Club Méditerranée S.A.
275,cm,ccTLD,,,,,no,Cameroon Telecommunications (CAMTEL)
276,cn,ccTLD,,,,,no,China Internet Network Information Center (CNNIC)
277,co,ccTLD,,,,,no,Ministry of Information and Communications Technologies (MinTIC)
278,coach,gTLD,,,,,no,"Binky Moon, LLC"
279,codes,gTLD,,,,,no,"Binky Moon, LLC"
280,coffee,gTLD,,,,,no,"Binky Moon, LLC"
281,college,gTLD,,,,,no,XYZ.COM LLC
282,cologne,gTLD,,,,,no,dotKoeln GmbH
283,com,gTLD,,,,,no,VeriSign Global Registry Services
284,comcast,gTLD,,,,,no,"Comcast IP Holdings I, LLC"
285,commbank,gTLD,,,,,no,COMMONWEALTH BANK OF AUSTRALIA
286,community,gTLD,,,,,no,"Binky Moon, LLC"
287,company,gTLD,,,,,no,"Binky Moon, LLC"
288,compare,gTLD,,,,,no,"Registry Services, LLC"
289,computer,gTLD,,,,,no,"Binky Moon, LLC"
290,comsec,gTLD,,,,,no,"VeriSign, Inc."
291,condos,gTLD,,,,,no,"Binky Moon, LLC"
292,construction,gTLD,,,,,no,"Binky Moon, LLC"
293,consulting,gTLD,,,,,no,"Dog Beach, LLC"
294,contact,gTLD,,,,,no,"Dog Beach, LLC"
295,contractors,gTLD,,,,,no,"Binky Moon, LLC"
296,cooking,gTLD,,,,,no,"Registry Services, LLC"
297,cookingchannel,gTLD,,,,,no,"Lifestyle Domain Holdings, Inc."
298,cool,gTLD,,,,,no,"Binky Moon, LLC"
299,coop,sTLD,,,,,no,DotCooperation LLC
300,corsica,gTLD,,,,,no,Collectivité de Corse
301,country,gTLD,,,,,no,Top Level Domain Holdings Limited
302,coupon,gTLD,,,,,no,"Amazon Registry Services, Inc."
303,coupons,gTLD,,,,,no,"Binky Moon, LLC"
304,courses,gTLD,,,,,no,"Registry Services, LLC"
305,cpa,gTLD,,,,,no,American Institute of Certified Public Accountants
306,cr,ccTLD,,,,,no,"National Academy of Sciences
Academia Nacional de Ciencias"
307,credit,gTLD,,,,,no,"Binky Moon, LLC"
308,creditcard,gTLD,,,,,no,"Binky Moon, LLC"
309,creditunion,gTLD,,,,,no,"DotCooperation, LLC"
310,cricket,gTLD,,,,,no,dot Cricket Limited
311,crown,gTLD,,,,,no,Crown Equipment Corporation
312,crs,gTLD,,,,,no,Federated Co-operatives Limited
313,cruise,gTLD,,,,,no,Viking River Cruises (Bermuda) Ltd.
314,cruises,gTLD,,,,,no,"Binky Moon, LLC"
315,csc,gTLD,,,,,no,
316,cu,ccTLD,,,,,no,"CENIAInternet
Industria y San Jose
Capitolio Nacional"
317,cuisinella,gTLD,,,,,no,SCHMIDT GROUPE S.A.S.
318,cv,ccTLD,,,,,no,Agência Reguladora Multissectorial da Economia (ARME)
319,cw,ccTLD,,,,,no,University of Curacao
320,cx,ccTLD,,,,,no,Christmas Island Domain Administration Limited
321,cy,ccTLD,,,,,no,University of Cyprus
322,cymru,gTLD,,,,,no,Nominet UK
323,cyou,gTLD,,,,,no,Shortdot SA
324,cz,ccTLD,,,,,no,"CZ.NIC, z.s.p.o"
325,dabur,gTLD,,,,,no,Dabur India Limited
326,dad,gTLD,,,,,no,Charleston Road Registry Inc.
327,dance,gTLD,,,,,no,"Dog Beach, LLC"
328,data,gTLD,,,,,no,Dish DBS Corporation
329,date,gTLD,,,,,no,dot Date Limited
330,dating,gTLD,,,,,no,"Binky Moon, LLC"
331,datsun,gTLD,,,,,no,"NISSAN MOTOR CO., LTD."
332,day,gTLD,,,,,no,Charleston Road Registry Inc.
333,dclk,gTLD,,,,,no,Charleston Road Registry Inc.
334,dds,gTLD,,,,,no,"Registry Services, LLC"
335,de,ccTLD,,,,,no,DENIC eG
336,deal,gTLD,,,,,no,"Amazon Registry Services, Inc."
337,dealer,gTLD,,,,,no,Intercap Registry Inc.
338,deals,gTLD,,,,,no,"Binky Moon, LLC"
339,degree,gTLD,,,,,no,"Dog Beach, LLC"
340,delivery,gTLD,,,,,no,"Binky Moon, LLC"
341,dell,gTLD,,,,,no,Dell Inc.
342,deloitte,gTLD,,,,,no,Deloitte Touche Tohmatsu
343,delta,gTLD,,,,,no,"Delta Air Lines, Inc."
344,democrat,gTLD,,,,,no,"Dog Beach, LLC"
345,dental,gTLD,,,,,no,"Binky Moon, LLC"
346,dentist,gTLD,,,,,no,"Dog Beach, LLC"
347,desi,gTLD,,,hindi for the peoples and cultures of south asia see also desi,,no,Desi Networks LLC
348,design,gTLD,,,,,no,"Registry Services, LLC"
349,dev,gTLD,,,,,no,Charleston Road Registry Inc.
350,dhl,gTLD,,,,,no,Deutsche Post AG
351,diamonds,gTLD,,,,,no,"Binky Moon, LLC"
352,diet,gTLD,,,,,no,XYZ.COM LLC
353,digital,gTLD,,,,,no,"Binky Moon, LLC"
354,direct,gTLD,,,,,no,"Binky Moon, LLC"
355,directory,gTLD,,,,,no,"Binky Moon, LLC"
356,discount,gTLD,,,,,no,"Binky Moon, LLC"
357,discover,gTLD,,,,,no,Discover Financial Services
358,dish,gTLD,,,,,no,Dish DBS Corporation
359,diy,gTLD,,,,,no,"Lifestyle Domain Holdings, Inc."
360,dj,ccTLD,,,,,no,Djibouti Telecom S.A
361,dk,ccTLD,,,,,no,Dansk Internet Forum
362,dm,ccTLD,,,,,no,DotDM Corporation
363,dnp,gTLD,,,,,no,"Dai Nippon Printing Co., Ltd."
364,do,ccTLD,,,,,no,"Pontificia Universidad Catolica Madre y Maestra
Recinto Santo Tomas de Aquino"
365,docs,gTLD,,,,,no,Charleston Road Registry Inc.
366,doctor,gTLD,,,,,no,"Binky Moon, LLC"
367,dodge,gTLD,,,,,no,
368,dog,gTLD,,,,,no,"Binky Moon, LLC"
369,doha,gTLD,,,,,no,
370,domains,gTLD,,,,,no,"Binky Moon, LLC"
371,doosan,gTLD,,,,,no,
372,dot,gTLD,,,,,no,Dish DBS Corporation
373,download,gTLD,,,,,no,dot Support Limited
374,drive,gTLD,,,,,no,Charleston Road Registry Inc.
375,dtv,gTLD,,,,,no,Dish DBS Corporation
376,dubai,gTLD,,,,,no,Dubai Smart Government Department
377,duck,gTLD,,,,,no,
378,dunlop,gTLD,,,,,no,The Goodyear Tire & Rubber Company
379,duns,gTLD,,,,,no,
380,dupont,gTLD,,,,,no,"DuPont Specialty Products USA, LLC"
381,durban,gTLD,,,,,no,ZA Central Registry NPC trading as ZA Central Registry
382,dvag,gTLD,,,,,no,Deutsche Vermögensberatung Aktiengesellschaft DVAG
383,dvr,gTLD,,,,,no,Hughes Satellite Systems Corporation
384,dz,ccTLD,,,,,no,CERIST
385,earth,gTLD,,,,,no,Interlink Systems Innovation Institute K.K.
386,eat,gTLD,,,,,no,Charleston Road Registry Inc.
387,ec,ccTLD,,,,,no,ECUADORDOMAIN S.A.
388,eco,gTLD,,,,,no,Big Room Inc.
389,edeka,gTLD,,,,,no,EDEKA Verband kaufmännischer Genossenschaften e.V.
390,edu,sTLD,,,,,no,EDUCAUSE
391,education,gTLD,,,,,no,"Binky Moon, LLC"
392,ee,ccTLD,,,,,no,Eesti Interneti Sihtasutus (EIS)
393,eg,ccTLD,,,,,no,"Egyptian Universities Network (EUN)
Supreme Council of Universities"
394,eh,ccTLD,,,,,no,
395,email,gTLD,,,,,no,"Binky Moon, LLC"
396,emerck,gTLD,,,,,no,Merck KGaA
397,energy,gTLD,,,,,no,"Binky Moon, LLC"
398,engineer,gTLD,,,,,no,"Dog Beach, LLC"
399,engineering,gTLD,,,,,no,"Binky Moon, LLC"
400,enterprises,gTLD,,,,,no,"Binky Moon, LLC"
401,epost,gTLD,,,e-mail,,no,
402,epson,gTLD,,,,,no,Seiko Epson Corporation
403,equipment,gTLD,,,,,no,"Binky Moon, LLC"
404,er,ccTLD,,,,,no,Eritrea Telecommunication Services Corporation (EriTel)
405,ericsson,gTLD,,,,,no,Telefonaktiebolaget L M Ericsson
406,erni,gTLD,,,,,no,ERNI Group Holding AG
407,es,ccTLD,,,,,no,Red.es
408,esq,gTLD,,,,,no,Charleston Road Registry Inc.
409,estate,gTLD,,,,,no,"Binky Moon, LLC"
410,esurance,gTLD,,,,,no,
411,et,ccTLD,,,,,no,Ethio telecom
412,etisalat,gTLD,,,,,no,Emirates Telecommunications Corporation (trading as Etisalat)
413,eu,ccTLD,,,,,no,EURid vzw/asbl
414,eurovision,gTLD,,,,,no,European Broadcasting Union (EBU)
415,eus,gTLD,,,,,no,Puntueus Fundazioa
416,events,gTLD,,,,,no,"Binky Moon, LLC"
417,everbank,gTLD,,,,,no,
418,exchange,gTLD,,,,,no,"Binky Moon, LLC"
419,expert,gTLD,,,,,no,"Binky Moon, LLC"
420,exposed,gTLD,,,,,no,"Binky Moon, LLC"
421,express,gTLD,,,,,no,"Binky Moon, LLC"
422,extraspace,gTLD,,,,,no,Extra Space Storage LLC
423,fage,gTLD,,,,,no,Fage International S.A.
424,fail,gTLD,,,,,no,"Binky Moon, LLC"
425,fairwinds,gTLD,,,,,no,"FairWinds Partners, LLC"
426,faith,gTLD,,,,,no,dot Faith Limited
427,family,gTLD,,,,,no,"Dog Beach, LLC"
428,fan,gTLD,,,,,no,"Dog Beach, LLC"
429,fans,gTLD,,,,,no,ZDNS International Limited
430,farm,gTLD,,,,,no,"Binky Moon, LLC"
431,farmers,gTLD,,,,,no,Farmers Insurance Exchange
432,fashion,gTLD,,,,,no,"Registry Services, LLC"
433,fast,gTLD,,,,,no,"Amazon Registry Services, Inc."
434,fedex,gTLD,,,,,no,Federal Express Corporation
435,feedback,gTLD,,,,,no,"Top Level Spectrum, Inc."
436,ferrari,gTLD,,,,,no,Fiat Chrysler Automobiles N.V.
437,ferrero,gTLD,,,,,no,Ferrero Trading Lux S.A.
438,fi,ccTLD,,,,,no,Finnish Transport and Communications Agency Traficom
439,fiat,gTLD,,,,,no,Fiat Chrysler Automobiles N.V.
440,fidelity,gTLD,,,,,no,Fidelity Brokerage Services LLC
441,fido,gTLD,,,,,no,Rogers Communications Canada Inc.
442,film,gTLD,,,,,no,Motion Picture Domain Registry Pty Ltd
443,final,gTLD,,,,,no,Núcleo de Informação e Coordenação do Ponto BR - NIC.br
444,finance,gTLD,,,,,no,"Binky Moon, LLC"
445,financial,gTLD,,,,,no,"Binky Moon, LLC"
446,fire,gTLD,,,,,no,"Amazon Registry Services, Inc."
447,firestone,gTLD,,,,,no,"Bridgestone Licensing Services, Inc."
448,firmdale,gTLD,,,,,no,Firmdale Holdings Limited
449,fish,gTLD,,,,,no,"Binky Moon, LLC"
450,fishing,gTLD,,,,,no,"Registry Services, LLC"
451,fit,gTLD,,,,,no,"Registry Services, LLC"
452,fitness,gTLD,,,,,no,"Binky Moon, LLC"
453,fj,ccTLD,,,,,no,"The University of the South Pacific
IT Services"
454,fk,ccTLD,,,,,no,Falkland Islands Government
455,flickr,gTLD,,,,,no,"Flickr, Inc."
456,flights,gTLD,,,,,no,"Binky Moon, LLC"
457,flir,gTLD,,,,,no,"FLIR Systems, Inc."
458,florist,gTLD,,,,,no,"Binky Moon, LLC"
459,flowers,gTLD,,,,,no,XYZ.COM LLC
460,flsmidth,gTLD,,,,,no,
461,fly,gTLD,,,,,no,Charleston Road Registry Inc.
462,fm,ccTLD,,,,,no,FSM Telecommunications Corporation
463,fo,ccTLD,,,,,no,FO Council
464,foo,gTLD,,,,,no,Charleston Road Registry Inc.
465,food,gTLD,,,,,no,"Lifestyle Domain Holdings, Inc."
466,foodnetwork,gTLD,,,,,no,"Lifestyle Domain Holdings, Inc."
467,football,gTLD,,,,,no,"Binky Moon, LLC"
468,ford,gTLD,,,,,no,Ford Motor Company
469,forex,gTLD,,,,,no,"Dog Beach, LLC"
470,forsale,gTLD,,,,,no,"Dog Beach, LLC"
471,forum,gTLD,,,,,no,"Fegistry, LLC"
472,foundation,gTLD,,,,,no,Public Interest Registry (PIR)
473,fox,gTLD,,,,,no,"FOX Registry, LLC"
474,fr,ccTLD,,,,,no,Association Française pour le Nommage Internet en Coopération (A.F.N.I.C.)
475,free,gTLD,,,,,no,"Amazon Registry Services, Inc."
476,fresenius,gTLD,,,,,no,Fresenius Immobilien-Verwaltungs-GmbH
477,frl,gTLD,,,,,no,FRLregistry B.V.
478,frogans,gTLD,,,,,no,OP3FT
479,frontdoor,gTLD,,,,,no,"Lifestyle Domain Holdings, Inc."
480,frontier,gTLD,,,,,no,Frontier Communications Corporation
481,ftr,gTLD,,,,,no,Frontier Communications Corporation
482,fujitsu,gTLD,,,,,no,Fujitsu Limited
483,fujixerox,gTLD,,,,,no,
484,fun,gTLD,,,,,no,Radix FZC
485,fund,gTLD,,,,,no,"Binky Moon, LLC"
486,furniture,gTLD,,,,,no,"Binky Moon, LLC"
487,futbol,gTLD,,,soccer,,no,"Dog Beach, LLC"
488,fyi,gTLD,,,,,no,"Binky Moon, LLC"
489,ga,ccTLD,,,,,no,Agence Nationale des Infrastructures Numériques et des Fréquences (ANINF)
490,gal,gTLD,,,,,no,Asociación puntoGAL
491,gallery,gTLD,,,,,no,"Binky Moon, LLC"
492,gallo,gTLD,,,,,no,"Gallo Vineyards, Inc."
493,gallup,gTLD,,,,,no,"Gallup, Inc."
494,game,gTLD,,,,,no,XYZ.COM LLC
495,games,gTLD,,,,,no,"Dog Beach, LLC"
496,gap,gTLD,,,,,no,"The Gap, Inc."
497,garden,gTLD,,,,,no,"Registry Services, LLC"
498,gay,gTLD,,,,,no,"Top Level Design, LLC"
499,gb,ccTLD,,,,,no,Reserved Domain - IANA
500,gbiz,gTLD,,,,,no,Charleston Road Registry Inc.
501,gd,ccTLD,,,,,no,The National Telecommunications Regulatory Commission (NTRC)
502,gdn,gTLD,,,,,no,"Joint Stock Company ""Navigation-information systems"""
503,ge,ccTLD,,,,,no,Caucasus Online LLC
504,gea,gTLD,,,,,no,GEA Group Aktiengesellschaft
505,gent,gTLD,,,,,no,Combell nv
506,genting,gTLD,,,,,no,Resorts World Inc. Pte. Ltd.
507,george,gTLD,,,,,no,"Wal-Mart Stores, Inc."
508,gf,ccTLD,,,,,no,CANAL+ TELECOM
509,gg,ccTLD,,,,,no,Island Networks Ltd.
510,ggee,gTLD,,,,,no,"GMO Internet, Inc."
511,gh,ccTLD,,,,,no,Network Computer Systems Limited
512,gi,ccTLD,,,,,no,Sapphire Networks
513,gift,gTLD,,,,,no,"Uniregistry, Corp."
514,gifts,gTLD,,,,,no,"Binky Moon, LLC"
515,gives,gTLD,,,,,no,Public Interest Registry (PIR)
516,giving,gTLD,,,,,no,Public Interest Registry (PIR)
517,gl,ccTLD,,,,,no,TELE Greenland A/S
518,glade,gTLD,,,,,no,
519,glass,gTLD,,,,,no,"Binky Moon, LLC"
520,gle,gTLD,,,,,no,Charleston Road Registry Inc.
521,global,gTLD,,,,,no,Dot Global Domain Registry Limited
522,globo,gTLD,,,,,no,Globo Comunicação e Participações S.A
523,gm,ccTLD,,,,,no,GM-NIC
524,gmail,gTLD,,,,,no,Charleston Road Registry Inc.
525,gmbh,gTLD,,,company,,no,"Binky Moon, LLC"
526,gmo,gTLD,,,,,no,"GMO Internet, Inc."
527,gmx,gTLD,,,,,no,1&1 Mail & Media GmbH
528,gn,ccTLD,,,,,no,Centre National des Sciences Halieutiques de Boussoura
529,godaddy,gTLD,,,,,no,"Go Daddy East, LLC"
530,gold,gTLD,,,,,no,"Binky Moon, LLC"
531,goldpoint,gTLD,,,,,no,"YODOBASHI CAMERA CO.,LTD."
532,golf,gTLD,,,,,no,"Binky Moon, LLC"
533,goo,gTLD,,,,,no,NTT Resonant Inc.
534,goodhands,gTLD,,,,,no,
535,goodyear,gTLD,,,,,no,The Goodyear Tire & Rubber Company
536,goog,gTLD,,,,,no,Charleston Road Registry Inc.
537,google,gTLD,,,,,no,Charleston Road Registry Inc.
538,gop,gTLD,,,,,no,"Republican State Leadership Committee, Inc."
539,got,gTLD,,,,,no,"Amazon Registry Services, Inc."
540,gov,sTLD,,,,,no,Cybersecurity and Infrastructure Security Agency
541,gp,ccTLD,,,,,no,Networking Technologies Group
542,gq,ccTLD,,,,,no,GETESA
543,gr,ccTLD,,,,,no,ICS-FORTH GR
544,grainger,gTLD,,,,,no,"Grainger Registry Services, LLC"
545,graphics,gTLD,,,,,no,"Binky Moon, LLC"
546,gratis,gTLD,,,free,,no,"Binky Moon, LLC"
547,green,gTLD,,,,,no,Afilias Limited
548,gripe,gTLD,,,,,no,"Binky Moon, LLC"
549,grocery,gTLD,,,,,no,"Wal-Mart Stores, Inc."
550,group,gTLD,,,,,no,"Binky Moon, LLC"
551,gs,ccTLD,,,,,no,Government of South Georgia and South Sandwich Islands (GSGSSI)
552,gt,ccTLD,,,,,no,Universidad del Valle de Guatemala
553,gu,ccTLD,,,,,no,University of Guam
554,guardian,gTLD,,,,,no,The Guardian Life Insurance Company of America
555,gucci,gTLD,,,,,no,Guccio Gucci S.p.a.
556,guge,gTLD,,,,,no,Charleston Road Registry Inc.
557,guide,gTLD,,,,,no,"Binky Moon, LLC"
558,guitars,gTLD,,,,,no,XYZ.COM LLC
559,guru,gTLD,,,,,no,"Binky Moon, LLC"
560,gw,ccTLD,,,,,no,Autoridade Reguladora Nacional - Tecnologias de Informação e Comunicação da Guiné-Bissau
561,gy,ccTLD,,,,,no,University of Guyana
562,hair,gTLD,,,,,no,XYZ.COM LLC
563,hamburg,gTLD,,,,,no,Hamburg Top-Level-Domain GmbH
564,hangout,gTLD,,,,,no,Charleston Road Registry Inc.
565,haus,gTLD,,,house,,no,"Dog Beach, LLC"
566,hbo,gTLD,,,,,no,"HBO Registry Services, Inc."
567,hdfc,gTLD,,,,,no,HOUSING DEVELOPMENT FINANCE CORPORATION LIMITED
568,hdfcbank,gTLD,,,,,no,HDFC Bank Limited
569,health,gTLD,,,,,no,"DotHealth, LLC"
570,healthcare,gTLD,,,,,no,"Binky Moon, LLC"
571,help,gTLD,,,,,no,UNR Corp.
572,helsinki,gTLD,,,,,no,City of Helsinki
573,here,gTLD,,,,,no,Charleston Road Registry Inc.
574,hermes,gTLD,,,,,no,Hermes International
575,hgtv,gTLD,,,,,no,"Lifestyle Domain Holdings, Inc."
576,hiphop,gTLD,,,,,no,"Dot Hip Hop, LLC"
577,hisamitsu,gTLD,,,,,no,"Hisamitsu Pharmaceutical Co.,Inc."
578,hitachi,gTLD,,,,,no,"Hitachi, Ltd."
579,hiv,gTLD,,,,,no,UNR Corp.
580,hk,ccTLD,,,,,no,Hong Kong Internet Registration Corporation Ltd.
581,hkt,gTLD,,,,,no,PCCW-HKT DataCom Services Limited
582,hm,ccTLD,,,,,no,HM Domain Registry
583,hn,ccTLD,,,,,no,Red de Desarrollo Sostenible Honduras
584,hockey,gTLD,,,,,no,"Binky Moon, LLC"
585,holdings,gTLD,,,,,no,"Binky Moon, LLC"
586,holiday,gTLD,,,,,no,"Binky Moon, LLC"
587,homedepot,gTLD,,,,,no,"Home Depot Product Authority, LLC"
588,homegoods,gTLD,,,,,no,"The TJX Companies, Inc."
589,homes,gTLD,,,,,no,XYZ.COM LLC
590,homesense,gTLD,,,,,no,"The TJX Companies, Inc."
591,honda,gTLD,,,,,no,"Honda Motor Co., Ltd."
592,honeywell,gTLD,,,,,no,
593,horse,gTLD,,,,,no,"Registry Services, LLC"
594,hospital,gTLD,,,,,no,"Binky Moon, LLC"
595,host,gTLD,,,,,no,Radix FZC
596,hosting,gTLD,,,,,no,XYZ.COM LLC
597,hot,gTLD,,,,,no,"Amazon Registry Services, Inc."
598,hoteles,gTLD,,,hotels,,no,Travel Reservations SRL
599,hotels,gTLD,,,,,no,Booking.com B.V.
600,hotmail,gTLD,,,,,no,Microsoft Corporation
601,house,gTLD,,,,,no,"Binky Moon, LLC"
602,how,gTLD,,,,,no,Charleston Road Registry Inc.
603,hr,ccTLD,,,,,no,CARNet - Croatian Academic and Research Network
604,hsbc,gTLD,,,,,no,HSBC Global Services (UK) Limited
605,ht,ccTLD,,,,,no,Consortium FDS/RDDH
606,htc,gTLD,,,,,no,
607,hu,ccTLD,,,,,no,Council of Hungarian Internet Providers (CHIP)
608,hughes,gTLD,,,,,no,Hughes Satellite Systems Corporation
609,hyatt,gTLD,,,,,no,"Hyatt GTLD, L.L.C."
610,hyundai,gTLD,,,,,no,Hyundai Motor Company
611,ibm,gTLD,,,,,no,International Business Machines Corporation
612,icbc,gTLD,,,,,no,Industrial and Commercial Bank of China Limited
613,ice,gTLD,,,,,no,"IntercontinentalExchange, Inc."
614,icu,gTLD,,,,,no,Shortdot SA
615,id,ccTLD,,,,,no,Perkumpulan Pengelola Nama Domain Internet Indonesia (PANDI)
616,ie,ccTLD,,,,,no,"University College Dublin
Computing Services
Computer Centre"
617,ieee,gTLD,,,,,no,IEEE Global LLC
618,ifm,gTLD,,,,,no,ifm electronic gmbh
619,iinet,gTLD,,,,,no,
620,ikano,gTLD,,,,,no,Ikano S.A.
621,il,ccTLD,,,,,no,The Israel Internet Association (RA)
622,im,ccTLD,,,,,no,Isle of Man Government
623,imamat,gTLD,,,,,no,Fondation Aga Khan (Aga Khan Foundation)
624,imdb,gTLD,,,,,no,"Amazon Registry Services, Inc."
625,immo,gTLD,,,real estate,,no,"Binky Moon, LLC"
626,immobilien,gTLD,,,real estate,,no,"Dog Beach, LLC"
627,in,ccTLD,,,,,no,National Internet Exchange of India
628,inc,gTLD,,,,,no,Intercap Registry Inc.
629,industries,gTLD,,,,,no,"Binky Moon, LLC"
630,infiniti,gTLD,,,,,no,"NISSAN MOTOR CO., LTD."
631,info,gTLD,,,,,no,Afilias Limited
632,ing,gTLD,,,,,no,Charleston Road Registry Inc.
633,ink,gTLD,,,,,no,"Top Level Design, LLC"
634,institute,gTLD,,,,,no,"Binky Moon, LLC"
635,insurance,gTLD,,,,,no,fTLD Registry Services LLC
636,insure,gTLD,,,,,no,"Binky Moon, LLC"
637,int,sTLD,,,,,no,Internet Assigned Numbers Authority
638,intel,gTLD,,,,,no,
639,international,gTLD,,,,,no,"Binky Moon, LLC"
640,intuit,gTLD,,,,,no,"Intuit Administrative Services, Inc."
641,investments,gTLD,,,,,no,"Binky Moon, LLC"
642,io,ccTLD,,,,,no,Internet Computer Bureau Limited
643,ipiranga,gTLD,,,,,no,Ipiranga Produtos de Petroleo S.A.
644,iq,ccTLD,,,,,no,Communications and Media Commission (CMC)
645,ir,ccTLD,,,,,no,Institute for Research in Fundamental Sciences
646,irish,gTLD,,,,,no,"Binky Moon, LLC"
647,is,ccTLD,,,,,no,ISNIC - Internet Iceland ltd.
648,iselect,gTLD,,,,,no,
649,ismaili,gTLD,,,,,no,Fondation Aga Khan (Aga Khan Foundation)
650,ist,gTLD,,,,,no,Istanbul Metropolitan Municipality
651,istanbul,gTLD,,,,,no,Istanbul Metropolitan Municipality
652,it,ccTLD,,,,,no,IIT - CNR
653,itau,gTLD,,,,,no,Itau Unibanco Holding S.A.
654,itv,gTLD,,,,,no,ITV Services Limited
655,iveco,gTLD,,,,,no,
656,iwc,gTLD,,,,,no,
657,jaguar,gTLD,,,,,no,Jaguar Land Rover Ltd
658,java,gTLD,,,,,no,Oracle Corporation
659,jcb,gTLD,,,,,no,"JCB Co., Ltd."
660,jcp,gTLD,,,,,no,
661,je,ccTLD,,,,,no,Island Networks (Jersey) Ltd.
662,jeep,gTLD,,,,,no,FCA US LLC.
663,jetzt,gTLD,,,now,,no,"Binky Moon, LLC"
664,jewelry,gTLD,,,,,no,"Binky Moon, LLC"
665,jio,gTLD,,,,,no,"Affinity Names, Inc."
666,jlc,gTLD,,,,,no,
667,jll,gTLD,,,,,no,Jones Lang LaSalle Incorporated
668,jm,ccTLD,,,,,no,University of West Indies
669,jmp,gTLD,,,,,no,Matrix IP LLC
670,jnj,gTLD,,,,,no,"Johnson & Johnson Services, Inc."
671,jo,ccTLD,,,,,no,Ministry of Digital Economy and Entrepreneurship (MoDEE)
672,jobs,sTLD,,,,,no,Employ Media LLC
673,joburg,gTLD,,,,,no,ZA Central Registry NPC trading as ZA Central Registry
674,jot,gTLD,,,,,no,"Amazon Registry Services, Inc."
675,joy,gTLD,,,,,no,"Amazon Registry Services, Inc."
676,jp,ccTLD,,,,,no,"Japan Registry Services Co., Ltd."
677,jpmorgan,gTLD,,,,,no,"JPMorgan Chase Bank, National Association"
678,jprs,gTLD,,,,,no,"Japan Registry Services Co., Ltd."
679,juegos,gTLD,,,games,,no,UNR Corp.
680,juniper,gTLD,,,,,no,"JUNIPER NETWORKS, INC."
681,kaufen,gTLD,,,buy,,no,"Dog Beach, LLC"
682,kddi,gTLD,,,,,no,KDDI CORPORATION
683,ke,ccTLD,,,,,no,Kenya Network Information Center (KeNIC)
684,kerryhotels,gTLD,,,,,no,Kerry Trading Co. Limited
685,kerrylogistics,gTLD,,,,,no,Kerry Trading Co. Limited
686,kerryproperties,gTLD,,,,,no,Kerry Trading Co. Limited
687,kfh,gTLD,,,,,no,Kuwait Finance House
688,kg,ccTLD,,,,,no,AsiaInfo Telecommunication Enterprise
689,kh,ccTLD,,,,,no,Telecommunication Regulator of Cambodia (TRC)
690,ki,ccTLD,,,,,no,"Ministry of Communications, Transport, and Tourism Development"
691,kia,gTLD,,,,,no,KIA MOTORS CORPORATION
692,kids,gTLD,,,,,no,DotKids Foundation Limited
693,kim,gTLD,,,,,no,Afilias Limited
694,kinder,gTLD,,,children,,no,Ferrero Trading Lux S.A.
695,kindle,gTLD,,,,,no,"Amazon Registry Services, Inc."
696,kitchen,gTLD,,,,,no,"Binky Moon, LLC"
697,kiwi,gTLD,,,,,no,DOT KIWI LIMITED
698,km,ccTLD,,,,,no,Comores Telecom
699,kn,ccTLD,,,,,no,"Ministry of Finance, Sustainable Development Information & Technology"
700,koeln,gTLD,,,,,no,dotKoeln GmbH
701,komatsu,gTLD,,,,,no,Komatsu Ltd.
702,kosher,gTLD,,,,,no,Kosher Marketing Assets LLC
703,kp,ccTLD,,,,,no,Star Joint Venture Company
704,kpmg,gTLD,,,,,no,KPMG International Cooperative (KPMG International Genossenschaft)
705,kpn,gTLD,,,,,no,Koninklijke KPN N.V.
706,kr,ccTLD,,,,,no,Korea Internet & Security Agency (KISA)
707,krd,gTLD,,,,,no,KRG Department of Information Technology
708,kred,gTLD,,,,,no,KredTLD Pty Ltd
709,kuokgroup,gTLD,,,,,no,Kerry Trading Co. Limited
710,kw,ccTLD,,,,,no,Communications and Information Technology Regulatory Authority
711,ky,ccTLD,,,,,no,Utility Regulation and Competition Office (OfReg)
712,kyoto,gTLD,,,,,no,Academic Institution: Kyoto Jyoho Gakuen
713,kz,ccTLD,,,,,no,Association of IT Companies of Kazakhstan
714,la,ccTLD,,,,,no,"Lao National Internet Committee (LANIC), Ministry of Posts and Telecommunications"
715,lacaixa,gTLD,,,,,no,CAIXA D'ESTALVIS I PENSIONS DE BARCELONA
716,ladbrokes,gTLD,,,,,no,
717,lamborghini,gTLD,,,,,no,Automobili Lamborghini S.p.A.
718,lamer,gTLD,,,,,no,The Estée Lauder Companies Inc.
719,lancaster,gTLD,,,,,no,LANCASTER
720,lancia,gTLD,,,,,no,Fiat Chrysler Automobiles N.V.
721,lancome,gTLD,,,,,no,
722,land,gTLD,,,,,no,"Binky Moon, LLC"
723,landrover,gTLD,,,,,no,Jaguar Land Rover Ltd
724,lanxess,gTLD,,,,,no,LANXESS Corporation
725,lasalle,gTLD,,,,,no,Jones Lang LaSalle Incorporated
726,lat,gTLD,,,,,no,XYZ.COM LLC
727,latino,gTLD,,,,,no,Dish DBS Corporation
728,latrobe,gTLD,,,,,no,La Trobe University
729,law,gTLD,,,,,no,"Registry Services, LLC"
730,lawyer,gTLD,,,,,no,"Dog Beach, LLC"
731,lb,ccTLD,,,,,no,"American University of Beirut
Computing and Networking Services"
732,lc,ccTLD,,,,,no,University of Puerto Rico
733,lds,gTLD,,,,,no,"IRI Domain Management, LLC"
734,lease,gTLD,,,,,no,"Binky Moon, LLC"
735,leclerc,gTLD,,,,,no,A.C.D. LEC Association des Centres Distributeurs Edouard Leclerc
736,lefrak,gTLD,,,,,no,"LeFrak Organization, Inc."
737,legal,gTLD,,,,,no,"Binky Moon, LLC"
738,lego,gTLD,,,,,no,LEGO Juris A/S
739,lexus,gTLD,,,,,no,TOYOTA MOTOR CORPORATION
740,lgbt,gTLD,,,,,no,Afilias Limited
741,li,ccTLD,,,,,no,SWITCH The Swiss Education & Research Network
742,liaison,gTLD,,,,,no,
743,lidl,gTLD,,,,,no,Schwarz Domains und Services GmbH & Co. KG
744,life,gTLD,,,,,no,"Binky Moon, LLC"
745,lifeinsurance,gTLD,,,,,no,American Council of Life Insurers
746,lifestyle,gTLD,,,,,no,"Lifestyle Domain Holdings, Inc."
747,lighting,gTLD,,,,,no,"Binky Moon, LLC"
748,like,gTLD,,,,,no,"Amazon Registry Services, Inc."
749,lilly,gTLD,,,,,no,Eli Lilly and Company
750,limited,gTLD,,,,,no,"Binky Moon, LLC"
751,limo,gTLD,,,,,no,"Binky Moon, LLC"
752,lincoln,gTLD,,,,,no,Ford Motor Company
753,linde,gTLD,,,,,no,
754,link,gTLD,,,,,no,Nova Registry Ltd.
755,lipsy,gTLD,,,,,no,Lipsy Ltd
756,live,gTLD,,,,,no,"Dog Beach, LLC"
757,living,gTLD,,,,,no,"Lifestyle Domain Holdings, Inc."
758,lixil,gTLD,,,,,no,
759,lk,ccTLD,,,,,no,"Council for Information Technology
LK Domain Registrar"
760,llc,gTLD,,,,,no,Afilias Limited
761,llp,gTLD,,,,,no,Intercap Registry Inc.
762,loan,gTLD,,,,,no,dot Loan Limited
763,loans,gTLD,,,,,no,"Binky Moon, LLC"
764,locker,gTLD,,,,,no,Dish DBS Corporation
765,locus,gTLD,,,,,no,Locus Analytics LLC
766,loft,gTLD,,,,,no,
767,lol,gTLD,,,,,no,XYZ.COM LLC
768,london,gTLD,,,,,no,Dot London Domains Limited
769,lotte,gTLD,,,,,no,"Lotte Holdings Co., Ltd."
770,lotto,gTLD,,,,,no,Afilias Limited
771,love,gTLD,,,,,no,Merchant Law Group LLP
772,lpl,gTLD,,,,,no,"LPL Holdings, Inc."
773,lplfinancial,gTLD,,,,,no,"LPL Holdings, Inc."
774,lr,ccTLD,,,,,no,"Data Technology Solutions, Inc."
775,ls,ccTLD,,,,,no,Lesotho Network Information Centre Proprietary (LSNIC)
776,lt,ccTLD,,,,,no,Kaunas University of Technology
777,ltd,gTLD,,,,,no,"Binky Moon, LLC"
778,ltda,gTLD,,,companies in south america,,no,InterNetX Corp.
779,lu,ccTLD,,,,,no,RESTENA
780,lundbeck,gTLD,,,,,no,H. Lundbeck A/S
781,lupin,gTLD,,,,,no,
782,luxe,gTLD,,,luxury,,no,"Registry Services, LLC"
783,luxury,gTLD,,,,,no,Luxury Partners LLC
784,lv,ccTLD,,,,,no,"University of Latvia
Institute of Mathematics and Computer Science
Department of Network Solutions (DNS)"
785,ly,ccTLD,,,,,no,General Post and Telecommunication Company
786,ma,ccTLD,,,,,no,Agence Nationale de Réglementation des Télécommunications (ANRT)
787,macys,gTLD,,,,,no,
788,madrid,gTLD,,,,,no,Comunidad de Madrid
789,maif,gTLD,,,,,no,Mutuelle Assurance Instituteur France (MAIF)
790,maison,gTLD,,,house,,no,"Binky Moon, LLC"
791,makeup,gTLD,,,,,no,XYZ.COM LLC
792,man,gTLD,,,,,no,MAN SE
793,management,gTLD,,,,,no,"Binky Moon, LLC"
794,mango,gTLD,,,,,no,PUNTO FA S.L.
795,map,gTLD,,,,,no,Charleston Road Registry Inc.
796,market,gTLD,,,,,no,"Dog Beach, LLC"
797,marketing,gTLD,,,,,no,"Binky Moon, LLC"
798,markets,gTLD,,,,,no,"Dog Beach, LLC"
799,marriott,gTLD,,,,,no,Marriott Worldwide Corporation
800,marshalls,gTLD,,,,,no,"The TJX Companies, Inc."
801,maserati,gTLD,,,,,no,Fiat Chrysler Automobiles N.V.
802,mattel,gTLD,,,,,no,"Mattel Sites, Inc."
803,mba,gTLD,,,,,no,"Binky Moon, LLC"
804,mc,ccTLD,,,,,no,Direction des Plateformes et des Ressources Numériques
805,mcd,gTLD,,,,,no,
806,mcdonalds,gTLD,,,,,no,
807,mckinsey,gTLD,,,,,no,"McKinsey Holdings, Inc."
808,md,ccTLD,,,,,no,IP Serviciul Tehnologia Informatiei si Securitate Cibernetica
809,me,ccTLD,,,,,no,Government of Montenegro
810,med,gTLD,,,,,no,Medistry LLC
811,media,gTLD,,,,,no,"Binky Moon, LLC"
812,meet,gTLD,,,,,no,Charleston Road Registry Inc.
813,melbourne,gTLD,,,,,no,"The Crown in right of the State of Victoria, represented by its Department of State Development, Business and Innovation"
814,meme,gTLD,,,,,no,Charleston Road Registry Inc.
815,memorial,gTLD,,,,,no,"Dog Beach, LLC"
816,men,gTLD,,,,,no,Exclusive Registry Limited
817,menu,gTLD,,,,,no,"Wedding TLD2, LLC"
818,meo,gTLD,,,,,no,
819,merckmsd,gTLD,,,,,no,"MSD Registry Holdings, Inc."
820,metlife,gTLD,,,,,no,
821,mf,ccTLD,,,,,no,
822,mg,ccTLD,,,,,no,NIC-MG (Network Information Center Madagascar)
823,mh,ccTLD,,,,,no,Office of the Cabinet
824,miami,gTLD,,,,,no,"Registry Services, LLC"
825,microsoft,gTLD,,,,,no,Microsoft Corporation
826,mil,sTLD,,,,,no,DoD Network Information Center
827,mini,gTLD,,,,,no,Bayerische Motoren Werke Aktiengesellschaft
828,mint,gTLD,,,,,no,"Intuit Administrative Services, Inc."
829,mit,gTLD,,,,,no,Massachusetts Institute of Technology
830,mitsubishi,gTLD,,,,,no,Mitsubishi Corporation
831,mk,ccTLD,,,,,no,Macedonian Academic Research Network Skopje
832,ml,ccTLD,,,,,no,Agence des Technologies de l’Information et de la Communication
833,mlb,gTLD,,,,,no,"MLB Advanced Media DH, LLC"
834,mls,gTLD,,,,,no,The Canadian Real Estate Association
835,mm,ccTLD,,,,,no,Ministry of Transport and Communications
836,mma,gTLD,,,,,no,MMA IARD
837,mn,ccTLD,,,,,no,"Datacom Co., Ltd."
838,mo,ccTLD,,,,,no,Macao Post and Telecommunications Bureau (CTT)
839,mobi,gTLD,,,,,no,Afilias Limited
840,mobile,gTLD,,,,,no,Dish DBS Corporation
841,mobily,gTLD,,,,,no,
842,moda,gTLD,,,fashion,,no,"Dog Beach, LLC"
843,moe,gTLD,,,geek,,no,Interlink Systems Innovation Institute K.K.
844,moi,gTLD,,,me,,no,"Amazon Registry Services, Inc."
845,mom,gTLD,,,,,no,XYZ.COM LLC
846,monash,gTLD,,,,,no,Monash University
847,money,gTLD,,,,,no,"Binky Moon, LLC"
848,monster,gTLD,,,,,no,XYZ.COM LLC
849,montblanc,gTLD,,,,,no,
850,mopar,gTLD,,,,,no,
851,mormon,gTLD,,,,,no,"IRI Domain Management, LLC (""Applicant"")"
852,mortgage,gTLD,,,,,no,"Dog Beach, LLC"
853,moscow,gTLD,,,,,no,Foundation for Assistance for Internet Technologies and Infrastructure Development (FAITID)
854,moto,gTLD,,,,,no,"Motorola Trademark Holdings, LLC"
855,motorcycles,gTLD,,,,,no,XYZ.COM LLC
856,mov,gTLD,,,,,no,Charleston Road Registry Inc.
857,movie,gTLD,,,,,no,"Binky Moon, LLC"
858,movistar,gTLD,,,,,no,
859,mp,ccTLD,,,,,no,"Saipan Datacom, Inc."
860,mq,ccTLD,,,,,no,CANAL+ TELECOM
861,mr,ccTLD,,,,,no,Université de Nouakchott Al Aasriya
862,ms,ccTLD,,,,,no,MNI Networks Ltd.
863,msd,gTLD,,,,,no,"MSD Registry Holdings, Inc."
864,mt,ccTLD,,,,,no,NIC (Malta)
865,mtn,gTLD,,,,,no,MTN Dubai Limited
866,mtpc,gTLD,,,,,no,
867,mtr,gTLD,,,,,no,MTR Corporation Limited
868,mu,ccTLD,,,,,no,Internet Direct Ltd
869,museum,sTLD,,,,,no,Museum Domain Management Association
870,music,gTLD,,,,,no,DotMusic Limited
871,mutual,gTLD,,,,,no,"Northwestern Mutual MU TLD Registry, LLC"
872,mutuelle,gTLD,,,,,no,
873,mv,ccTLD,,,,,no,Dhiraagu Pvt. Ltd. (DHIVEHINET)
874,mw,ccTLD,,,,,no,"Malawi Sustainable Development Network Programme
(Malawi SDNP)"
875,mx,ccTLD,,,,,no,"NIC-Mexico
ITESM - Campus Monterrey"
876,my,ccTLD,,,,,no,MYNIC Berhad
877,mz,ccTLD,,,,,no,Centro de Informatica de Universidade Eduardo Mondlane
878,na,ccTLD,,,,,no,Namibian Network Information Center
879,nab,gTLD,,,,,no,National Australia Bank Limited
880,nadex,gTLD,,,,,no,
881,nagoya,gTLD,,,,,no,"GMO Registry, Inc."
882,name,grTLD,,,,,no,"VeriSign Information Services, Inc."
883,nationwide,gTLD,,,,,no,
884,natura,gTLD,,,,,no,NATURA COSMÉTICOS S.A.
885,navy,gTLD,,,,,no,"Dog Beach, LLC"
886,nba,gTLD,,,,,no,"NBA REGISTRY, LLC"
887,nc,ccTLD,,,,,no,Office des Postes et Telecommunications
888,ne,ccTLD,,,,,no,SONITEL
889,nec,gTLD,,,,,no,NEC Corporation
890,net,gTLD,,,,,no,VeriSign Global Registry Services
891,netbank,gTLD,,,,,no,COMMONWEALTH BANK OF AUSTRALIA
892,netflix,gTLD,,,,,no,"Netflix, Inc."
893,network,gTLD,,,,,no,"Binky Moon, LLC"
894,neustar,gTLD,,,,,no,"NeuStar, Inc."
895,new,gTLD,,,,,no,Charleston Road Registry Inc.
896,newholland,gTLD,,,,,no,
897,news,gTLD,,,,,no,"Dog Beach, LLC"
898,next,gTLD,,,,,no,Next plc
899,nextdirect,gTLD,,,,,no,Next plc
900,nexus,gTLD,,,,,no,Charleston Road Registry Inc.
901,nf,ccTLD,,,,,no,Norfolk Island Data Services
902,nfl,gTLD,,,,,no,NFL Reg Ops LLC
903,ng,ccTLD,,,,,no,Nigeria Internet Registration Association
904,ngo,gTLD,,,,,no,Public Interest Registry
905,nhk,gTLD,,,,,no,Japan Broadcasting Corporation (NHK)
906,ni,ccTLD,,,,,no,"Universidad Nacional del Ingernieria
Centro de Computo"
907,nico,gTLD,,,,,no,"DWANGO Co., Ltd."
908,nike,gTLD,,,,,no,"NIKE, Inc."
909,nikon,gTLD,,,,,no,NIKON CORPORATION
910,ninja,gTLD,,,,,no,"Dog Beach, LLC"
911,nissan,gTLD,,,,,no,"NISSAN MOTOR CO., LTD."
912,nissay,gTLD,,,,,no,Nippon Life Insurance Company
913,nl,ccTLD,,,,,no,SIDN (Stichting Internet Domeinregistratie Nederland)
914,no,ccTLD,,,,,no,Norid A/S
915,nokia,gTLD,,,,,no,Nokia Corporation
916,northwesternmutual,gTLD,,,,,no,"Northwestern Mutual Registry, LLC"
917,norton,gTLD,,,,,no,Symantec Corporation
918,now,gTLD,,,,,no,"Amazon Registry Services, Inc."
919,nowruz,gTLD,,,,,no,Asia Green IT System Bilgisayar San. ve Tic. Ltd. Sti.
920,nowtv,gTLD,,,,,no,Starbucks (HK) Limited
921,np,ccTLD,,,,,no,Mercantile Communications Pvt. Ltd.
922,nr,ccTLD,,,,,no,CENPAC NET
923,nra,gTLD,,,,,no,"NRA Holdings Company, INC."
924,nrw,gTLD,,,,,no,Minds + Machines GmbH
925,ntt,gTLD,,,,,no,NIPPON TELEGRAPH AND TELEPHONE CORPORATION
926,nu,ccTLD,,,,,no,The IUSN Foundation
927,nyc,gTLD,,,,,no,The City of New York by and through the New York City Department of Information Technology & Telecommunications
928,nz,ccTLD,,,,,no,InternetNZ
929,obi,gTLD,,,,,no,OBI Group Holding SE & Co. KGaA
930,observer,gTLD,,,,,no,"Dog Beach, LLC"
931,off,gTLD,,,,,no,
932,office,gTLD,,,,,no,Microsoft Corporation
933,okinawa,gTLD,,,,,no,"BRregistry, Inc."
934,olayan,gTLD,,,,,no,Crescent Holding GmbH
935,olayangroup,gTLD,,,,,no,Crescent Holding GmbH
936,oldnavy,gTLD,,,,,no,"The Gap, Inc."
937,ollo,gTLD,,,,,no,Dish DBS Corporation
938,om,ccTLD,,,,,no,Telecommunications Regulatory Authority (TRA)
939,omega,gTLD,,,,,no,The Swatch Group Ltd
940,one,gTLD,,,,,no,One.com A/S
941,ong,gTLD,,,,,no,Public Interest Registry
942,onl,gTLD,,,,,no,iRegistry GmbH
943,online,gTLD,,,,,no,Radix FZC
944,onyourside,gTLD,,,,,no,
945,ooo,gTLD,,,,,no,INFIBEAM INCORPORATION LIMITED
946,open,gTLD,,,,,no,"American Express Travel Related Services Company, Inc."
947,oracle,gTLD,,,,,no,Oracle Corporation
948,orange,gTLD,,,,,no,Orange Brand Services Limited
949,org,gTLD,,,,,no,Public Interest Registry (PIR)
950,organic,gTLD,,,,,no,Afilias Limited
951,orientexpress,gTLD,,,,,no,
952,origins,gTLD,,,,,no,The Estée Lauder Companies Inc.
953,osaka,gTLD,,,,,no,"Osaka Registry Co., Ltd."
954,otsuka,gTLD,,,,,no,"Otsuka Holdings Co., Ltd."
955,ott,gTLD,,,,,no,Dish DBS Corporation
956,ovh,gTLD,,,,,no,OVH SAS
957,pa,ccTLD,,,,,no,Universidad Tecnologica de Panama
958,page,gTLD,,,,,no,Charleston Road Registry Inc.
959,pamperedchef,gTLD,,,,,no,
960,panasonic,gTLD,,,,,no,Panasonic Corporation
961,panerai,gTLD,,,,,no,
962,paris,gTLD,,,,,no,City of Paris
963,pars,gTLD,,,,,no,Asia Green IT System Bilgisayar San. ve Tic. Ltd. Sti.
964,partners,gTLD,,,,,no,"Binky Moon, LLC"
965,parts,gTLD,,,,,no,"Binky Moon, LLC"
966,party,gTLD,,,,,no,Blue Sky Registry Limited
967,passagens,gTLD,,,ticket,,no,Travel Reservations SRL
968,pay,gTLD,,,,,no,"Amazon Registry Services, Inc."
969,pccw,gTLD,,,,,no,PCCW Enterprises Limited
970,pe,ccTLD,,,,,no,Red Cientifica Peruana
971,pet,gTLD,,,,,no,Afilias Limited
972,pf,ccTLD,,,,,no,Gouvernement de la Polynésie française
973,pfizer,gTLD,,,,,no,Pfizer Inc.
974,pg,ccTLD,,,,,no,"PNG DNS Administration
Vice Chancellors Office
The Papua New Guinea University of Technology"
975,ph,ccTLD,,,,,no,PH Domain Foundation
976,pharmacy,gTLD,,,,,no,National Association of Boards of Pharmacy
977,phd,gTLD,,,,,no,Charleston Road Registry Inc.
978,philips,gTLD,,,,,no,Koninklijke Philips N.V.
979,phone,gTLD,,,,,no,Dish DBS Corporation
980,photo,gTLD,,,,,no,"Registry Services, LLC"
981,photography,gTLD,,,,,no,"Binky Moon, LLC"
982,photos,gTLD,,,,,no,"Binky Moon, LLC"
983,physio,gTLD,,,,,no,PhysBiz Pty Ltd
984,piaget,gTLD,,,,,no,
985,pics,gTLD,,,,,no,XYZ.COM LLC
986,pictet,gTLD,,,,,no,Pictet Europe S.A.
987,pictures,gTLD,,,,,no,"Binky Moon, LLC"
988,pid,gTLD,,,,,no,"Top Level Spectrum, Inc."
989,pin,gTLD,,,,,no,"Amazon Registry Services, Inc."
990,ping,gTLD,,,,,no,"Ping Registry Provider, Inc."
991,pink,gTLD,,,,,no,Afilias Limited
992,pioneer,gTLD,,,,,no,Pioneer Corporation
993,pizza,gTLD,,,,,no,"Binky Moon, LLC"
994,pk,ccTLD,,,,,no,PKNIC
995,pl,ccTLD,,,,,no,Research and Academic Computer Network
996,place,gTLD,,,,,no,"Binky Moon, LLC"
997,play,gTLD,,,,,no,Charleston Road Registry Inc.
998,playstation,gTLD,,,,,no,Sony Computer Entertainment Inc.
999,plumbing,gTLD,,,,,no,"Binky Moon, LLC"
1000,plus,gTLD,,,,,no,"Binky Moon, LLC"
1001,pm,ccTLD,,,,,no,Association Française pour le Nommage Internet en Coopération (A.F.N.I.C.)
1002,pn,ccTLD,,,,,no,Pitcairn Island Administration
1003,pnc,gTLD,,,,,no,"PNC Domain Co., LLC"
1004,pohl,gTLD,,,,,no,Deutsche Vermögensberatung Aktiengesellschaft DVAG
1005,poker,gTLD,,,,,no,Afilias Limited
1006,politie,gTLD,,,,,no,Politie Nederland
1007,porn,gTLD,,,,,no,ICM Registry PN LLC
1008,post,sTLD,,,,,no,Universal Postal Union
1009,pr,ccTLD,,,,,no,Gauss Research Laboratory Inc.
1010,pramerica,gTLD,,,,,no,"Prudential Financial, Inc."
1011,praxi,gTLD,,,,,no,Praxi S.p.A.
1012,press,gTLD,,,,,no,Radix FZC
1013,prime,gTLD,,,,,no,"Amazon Registry Services, Inc."
1014,pro,grTLD,,,,,no,Afilias Limited
1015,prod,gTLD,,,,,no,Charleston Road Registry Inc.
1016,productions,gTLD,,,,,no,"Binky Moon, LLC"
1017,prof,gTLD,,,,,no,Charleston Road Registry Inc.
1018,progressive,gTLD,,,,,no,Progressive Casualty Insurance Company
1019,promo,gTLD,,,,,no,Afilias Limited
1020,properties,gTLD,,,,,no,"Binky Moon, LLC"
1021,property,gTLD,,,,,no,UNR Corp.
1022,protection,gTLD,,,,,no,XYZ.COM LLC
1023,pru,gTLD,,,,,no,"Prudential Financial, Inc."
1024,prudential,gTLD,,,,,no,"Prudential Financial, Inc."
1025,ps,ccTLD,,,,,no,"Ministry Of Telecommunications &
Information Technology,
Government Computer Center."
1026,pt,ccTLD,,,,,no,Associação DNS.PT
1027,pub,gTLD,,,,,no,"Dog Beach, LLC"
1028,pw,ccTLD,,,,,no,Micronesia Investment and Development Corporation
1029,pwc,gTLD,,,,,no,PricewaterhouseCoopers LLP
1030,py,ccTLD,,,,,no,NIC-PY
1031,qa,ccTLD,,,,,no,Communications Regulatory Authority
1032,qpon,gTLD,,,,,no,"dotCOOL, Inc."
1033,quebec,gTLD,,,,,no,PointQuébec Inc
1034,quest,gTLD,,,,,no,XYZ.COM LLC
1035,qvc,gTLD,,,,,no,
1036,racing,gTLD,,,,,no,Premier Registry Limited
1037,radio,gTLD,,,,,no,European Broadcasting Union (EBU)
1038,raid,gTLD,,,,,no,
1039,re,ccTLD,,,,,no,Association Française pour le Nommage Internet en Coopération (A.F.N.I.C.)
1040,read,gTLD,,,,,no,"Amazon Registry Services, Inc."
1041,realestate,gTLD,,,,,no,dotRealEstate LLC
1042,realtor,gTLD,,,,,no,Real Estate Domains LLC
1043,realty,gTLD,,,,,no,"Dog Beach, LLC"
1044,recipes,gTLD,,,,,no,"Binky Moon, LLC"
1045,red,gTLD,,,,,no,Afilias Limited
1046,redstone,gTLD,,,,,no,"Redstone Haute Couture Co., Ltd."
1047,redumbrella,gTLD,,,,,no,"Travelers TLD, LLC"
1048,rehab,gTLD,,,,,no,"Dog Beach, LLC"
1049,reise,gTLD,,,travel,,no,"Binky Moon, LLC"
1050,reisen,gTLD,,,traveling,,no,"Binky Moon, LLC"
1051,reit,gTLD,,,,,no,"National Association of Real Estate Investment Trusts, Inc."
1052,reliance,gTLD,,,,,no,Reliance Industries Limited
1053,ren,gTLD,,,,,no,ZDNS International Limited
1054,rent,gTLD,,,,,no,XYZ.COM LLC
1055,rentals,gTLD,,,,,no,"Binky Moon, LLC"
1056,repair,gTLD,,,,,no,"Binky Moon, LLC"
1057,report,gTLD,,,,,no,"Binky Moon, LLC"
1058,republican,gTLD,,,,,no,"Dog Beach, LLC"
1059,rest,gTLD,,,,,no,Punto 2012 Sociedad Anonima Promotora de Inversion de Capital Variable
1060,restaurant,gTLD,,,,,no,"Binky Moon, LLC"
1061,review,gTLD,,,,,no,dot Review Limited
1062,reviews,gTLD,,,,,no,"Dog Beach, LLC"
1063,rexroth,gTLD,,,,,no,Robert Bosch GMBH
1064,rich,gTLD,,,,,no,iRegistry GmbH
1065,richardli,gTLD,,,,,no,Pacific Century Asset Management (HK) Limited
1066,ricoh,gTLD,,,,,no,"Ricoh Company, Ltd."
1067,rightathome,gTLD,,,,,no,
1068,ril,gTLD,,,,,no,Reliance Industries Limited
1069,rio,gTLD,,,,,no,Empresa Municipal de Informática SA - IPLANRIO
1070,rip,gTLD,,,,,no,"Dog Beach, LLC"
1071,rmit,gTLD,,,,,no,
1072,ro,ccTLD,,,,,no,National Institute for R&D in Informatics
1073,rocher,gTLD,,,,,no,Ferrero Trading Lux S.A.
1074,rocks,gTLD,,,,,no,"Dog Beach, LLC"
1075,rodeo,gTLD,,,,,no,"Registry Services, LLC"
1076,rogers,gTLD,,,,,no,Rogers Communications Canada Inc.
1077,room,gTLD,,,,,no,"Amazon Registry Services, Inc."
1078,rs,ccTLD,,,,,no,Serbian National Internet Domain Registry (RNIDS)
1079,rsvp,gTLD,,,invitations and replies,,no,Charleston Road Registry Inc.
1080,ru,ccTLD,,,,,no,Coordination Center for TLD RU
1081,rugby,gTLD,,,,,no,World Rugby Strategic Developments Limited
1082,ruhr,gTLD,,,,,no,dotSaarland GmbH
1083,run,gTLD,,,,,no,"Binky Moon, LLC"
1084,rw,ccTLD,,,,,no,Rwanda Internet Community and Technology  Alliance (RICTA) Ltd
1085,rwe,gTLD,,,,,no,RWE AG
1086,ryukyu,gTLD,,,,,no,"BRregistry, Inc."
1087,sa,ccTLD,,,,,no,Communications and Information Technology Commission
1088,saarland,gTLD,,,,,no,dotSaarland GmbH
1089,safe,gTLD,,,,,no,"Amazon Registry Services, Inc."
1090,safety,gTLD,,,,,no,"Safety Registry Services, LLC."
1091,sakura,gTLD,,,,,no,SAKURA internet Inc.
1092,sale,gTLD,,,,,no,"Dog Beach, LLC"
1093,salon,gTLD,,,,,no,"Binky Moon, LLC"
1094,samsclub,gTLD,,,,,no,"Wal-Mart Stores, Inc."
1095,samsung,gTLD,,,,,no,"SAMSUNG SDS CO., LTD"
1096,sandvik,gTLD,,,,,no,Sandvik AB
1097,sandvikcoromant,gTLD,,,,,no,Sandvik AB
1098,sanofi,gTLD,,,,,no,Sanofi
1099,sap,gTLD,,,,,no,SAP AG
1100,sapo,gTLD,,,,,no,
1101,sarl,gTLD,,,"société à responsabilité limitée, francophone limited liability company",,no,"Binky Moon, LLC"
1102,sas,gTLD,,,,,no,Research IP LLC
1103,save,gTLD,,,,,no,"Amazon Registry Services, Inc."
1104,saxo,gTLD,,,,,no,Saxo Bank A/S
1105,sb,ccTLD,,,,,no,Solomon Telekom Company Limited
1106,sbi,gTLD,,,,,no,STATE BANK OF INDIA
1107,sbs,gTLD,,,,,no,SPECIAL BROADCASTING SERVICE CORPORATION
1108,sc,ccTLD,,,,,no,VCS Pty Ltd
1109,sca,gTLD,,,,,no,SVENSKA CELLULOSA AKTIEBOLAGET SCA (publ)
1110,scb,gTLD,,,,,no,"The Siam Commercial Bank Public Company Limited (""SCB"")"
1111,schaeffler,gTLD,,,,,no,Schaeffler Technologies AG & Co. KG
1112,schmidt,gTLD,,,,,no,SCHMIDT GROUPE S.A.S.
1113,scholarships,gTLD,,,,,no,"Scholarships.com, LLC"
1114,school,gTLD,,,,,no,"Binky Moon, LLC"
1115,schule,gTLD,,,school,,no,"Binky Moon, LLC"
1116,schwarz,gTLD,,,,,no,Schwarz Domains und Services GmbH & Co. KG
1117,science,gTLD,,,,,no,dot Science Limited
1118,scjohnson,gTLD,,,,,no,
1119,scor,gTLD,,,,,no,
1120,scot,gTLD,,,,,no,Dot Scot Registry Limited
1121,sd,ccTLD,,,,,no,Sudan Internet Society
1122,se,ccTLD,,,,,no,The Internet Infrastructure Foundation
1123,search,gTLD,,,,,no,Charleston Road Registry Inc.
1124,seat,gTLD,,,,,no,"SEAT, S.A. (Sociedad Unipersonal)"
1125,secure,gTLD,,,,,no,"Amazon Registry Services, Inc."
1126,security,gTLD,,,,,no,XYZ.COM LLC
1127,seek,gTLD,,,,,no,Seek Limited
1128,select,gTLD,,,,,no,"Registry Services, LLC"
1129,sener,gTLD,,,,,no,"Sener Ingeniería y Sistemas, S.A."
1130,services,gTLD,,,,,no,"Binky Moon, LLC"
1131,ses,gTLD,,,,,no,
1132,seven,gTLD,,,,,no,Seven West Media Ltd
1133,sew,gTLD,,,,,no,SEW-EURODRIVE GmbH & Co KG
1134,sex,gTLD,,,,,no,ICM Registry SX LLC
1135,sexy,gTLD,,,,,no,UNR Corp.
1136,sfr,gTLD,,,,,no,Societe Francaise du Radiotelephone - SFR
1137,sg,ccTLD,,,,,no,Singapore Network Information Centre (SGNIC) Pte Ltd
1138,sh,ccTLD,,,,,no,Government of St. Helena
1139,shangrila,gTLD,,,,,no,Shangri‐La International Hotel Management Limited
1140,sharp,gTLD,,,,,no,Sharp Corporation
1141,shaw,gTLD,,,,,no,Shaw Cablesystems G.P.
1142,shell,gTLD,,,,,no,Shell Information Technology International Inc
1143,shia,gTLD,,,,,no,Asia Green IT System Bilgisayar San. ve Tic. Ltd. Sti.
1144,shiksha,gTLD,,,education,,no,Afilias Limited
1145,shoes,gTLD,,,,,no,"Binky Moon, LLC"
1146,shop,gTLD,,,,,no,"GMO Registry, Inc."
1147,shopping,gTLD,,,,,no,"Binky Moon, LLC"
1148,shouji,gTLD,,,phone,,no,QIHOO 360 TECHNOLOGY CO. LTD.
1149,show,gTLD,,,,,no,"Binky Moon, LLC"
1150,showtime,gTLD,,,,,no,CBS Domains Inc.
1151,shriram,gTLD,,,,,no,
1152,si,ccTLD,,,,,no,Academic and Research Network of Slovenia (ARNES)
1153,silk,gTLD,,,,,no,"Amazon Registry Services, Inc."
1154,sina,gTLD,,,,,no,Sina Corporation
1155,singles,gTLD,,,,,no,"Binky Moon, LLC"
1156,site,gTLD,,,,,no,Radix FZC
1157,sj,ccTLD,,,,,no,Norid A/S
1158,sk,ccTLD,,,,,no,"SK-NIC, a.s."
1159,ski,gTLD,,,,,no,Afilias Limited
1160,skin,gTLD,,,,,no,XYZ.COM LLC
1161,sky,gTLD,,,,,no,Sky International AG
1162,skype,gTLD,,,,,no,Microsoft Corporation
1163,sl,ccTLD,,,,,no,Sierratel
1164,sling,gTLD,,,,,no,Hughes Satellite Systems Corporation
1165,sm,ccTLD,,,,,no,Telecom Italia San Marino S.p.A.
1166,smart,gTLD,,,,,no,"Smart Communications, Inc. (SMART)"
1167,smile,gTLD,,,,,no,"Amazon Registry Services, Inc."
1168,sn,ccTLD,,,,,no,Universite Cheikh Anta Diop
1169,sncf,gTLD,,,,,no,SNCF (Société Nationale des Chemins de fer Francais)
1170,so,ccTLD,,,,,no,Ministry of Post and Telecommunications
1171,soccer,gTLD,,,,,no,"Binky Moon, LLC"
1172,social,gTLD,,,,,no,"Dog Beach, LLC"
1173,softbank,gTLD,,,,,no,SoftBank Group Corp.
1174,software,gTLD,,,,,no,"Dog Beach, LLC"
1175,sohu,gTLD,,,,,no,Sohu.com Limited
1176,solar,gTLD,,,,,no,"Binky Moon, LLC"
1177,solutions,gTLD,,,,,no,"Binky Moon, LLC"
1178,song,gTLD,,,,,no,"Amazon Registry Services, Inc."
1179,sony,gTLD,,,,,no,Sony Corporation
1180,soy,gTLD,,,i am,,no,Charleston Road Registry Inc.
1181,spa,gTLD,,,,,no,Asia Spa and Wellness Promotion Council Limited
1182,space,gTLD,,,,,no,Radix FZC
1183,spiegel,gTLD,,,,,no,
1184,sport,gTLD,,,,,no,Global Association of International Sports Federations (GAISF)
1185,spot,gTLD,,,,,no,"Amazon Registry Services, Inc."
1186,spreadbetting,gTLD,,,,,no,
1187,sr,ccTLD,,,,,no,Telesur
1188,srl,gTLD,,,,,no,InterNetX Corp.
1189,srt,gTLD,,,,,no,
1190,ss,ccTLD,,,,,no,National Communication Authority (NCA)
1191,st,ccTLD,,,,,no,Tecnisys
1192,stada,gTLD,,,,,no,STADA Arzneimittel AG
1193,staples,gTLD,,,,,no,"Staples, Inc."
1194,star,gTLD,,,,,no,Star India Private Limited
1195,starhub,gTLD,,,,,no,
1196,statebank,gTLD,,,,,no,STATE BANK OF INDIA
1197,statefarm,gTLD,,,,,no,State Farm Mutual Automobile Insurance Company
1198,statoil,gTLD,,,,,no,
1199,stc,gTLD,,,,,no,Saudi Telecom Company
1200,stcgroup,gTLD,,,,,no,Saudi Telecom Company
1201,stockholm,gTLD,,,,,no,Stockholms kommun
1202,storage,gTLD,,,,,no,XYZ.COM LLC
1203,store,gTLD,,,,,no,Radix FZC
1204,stream,gTLD,,,,,no,dot Stream Limited
1205,studio,gTLD,,,,,no,"Dog Beach, LLC"
1206,study,gTLD,,,,,no,"Registry Services, LLC"
1207,style,gTLD,,,,,no,"Binky Moon, LLC"
1208,su,ccTLD,,,,,no,"Russian Institute for Development of Public Networks
(ROSNIIROS)"
1209,sucks,gTLD,,,,,no,Vox Populi Registry Ltd.
1210,supplies,gTLD,,,,,no,"Binky Moon, LLC"
1211,supply,gTLD,,,,,no,"Binky Moon, LLC"
1212,support,gTLD,,,,,no,"Binky Moon, LLC"
1213,surf,gTLD,,,,,no,"Registry Services, LLC"
1214,surgery,gTLD,,,,,no,"Binky Moon, LLC"
1215,suzuki,gTLD,,,,,no,SUZUKI MOTOR CORPORATION
1216,sv,ccTLD,,,,,no,SVNet
1217,swatch,gTLD,,,,,no,The Swatch Group Ltd
1218,swiftcover,gTLD,,,,,no,
1219,swiss,gTLD,,,,,no,Swiss Confederation
1220,sx,ccTLD,,,,,no,SX Registry SA B.V.
1221,sy,ccTLD,,,,,no,National Agency for Network Services (NANS)
1222,sydney,gTLD,,,,,no,"State of New South Wales, Department of Premier and Cabinet"
1223,symantec,gTLD,,,,,no,
1224,systems,gTLD,,,,,no,"Binky Moon, LLC"
1225,sz,ccTLD,,,,,no,"University of Swaziland
Department of Computer Science"
1226,tab,gTLD,,,,,no,Tabcorp Holdings Limited
1227,taipei,gTLD,,,,,no,Taipei City Government
1228,talk,gTLD,,,,,no,"Amazon Registry Services, Inc."
1229,taobao,gTLD,,,,,no,Alibaba Group Holding Limited
1230,target,gTLD,,,,,no,"Target Domain Holdings, LLC"
1231,tatamotors,gTLD,,,,,no,Tata Motors Ltd
1232,tatar,gTLD,,,,,no,"Limited Liability Company ""Coordination Center of Regional Domain of Tatarstan Republic"""
1233,tattoo,gTLD,,,,,no,"Top Level Design, LLC"
1234,tax,gTLD,,,,,no,"Binky Moon, LLC"
1235,taxi,gTLD,,,,,no,"Binky Moon, LLC"
1236,tc,ccTLD,,,,,no,Melrex TC
1237,tci,gTLD,,,,,no,Asia Green IT System Bilgisayar San. ve Tic. Ltd. Sti.
1238,td,ccTLD,,,,,no,l'Agence de Développement des Technologies de l'Information et de la Communication (ADETIC)
1239,tdk,gTLD,,,,,no,TDK Corporation
1240,team,gTLD,,,,,no,"Binky Moon, LLC"
1241,tech,gTLD,,,,,no,Radix FZC
1242,technology,gTLD,,,,,no,"Binky Moon, LLC"
1243,tel,sTLD,,,,,no,Telnames Ltd.
1244,telecity,gTLD,,,,,no,
1245,telefonica,gTLD,,,,,no,
1246,temasek,gTLD,,,,,no,Temasek Holdings (Private) Limited
1247,tennis,gTLD,,,,,no,"Binky Moon, LLC"
1248,teva,gTLD,,,,,no,Teva Pharmaceutical Industries Limited
1249,tf,ccTLD,,,,,no,Association Française pour le Nommage Internet en Coopération (A.F.N.I.C.)
1250,tg,ccTLD,,,,,no,Autorité de Régulation des Communications Electroniques et des Postes (ARCEP)
1251,th,ccTLD,,,,,no,Thai Network Information Center Foundation
1252,thd,gTLD,,,,,no,"Home Depot Product Authority, LLC"
1253,theater,gTLD,,,,,no,"Binky Moon, LLC"
1254,theatre,gTLD,,,,,no,XYZ.COM LLC
1255,tiaa,gTLD,,,,,no,Teachers Insurance and Annuity Association of America
1256,tickets,gTLD,,,,,no,XYZ.COM LLC
1257,tienda,gTLD,,,shop,,no,"Binky Moon, LLC"
1258,tiffany,gTLD,,,,,no,Tiffany and Company
1259,tips,gTLD,,,,,no,"Binky Moon, LLC"
1260,tires,gTLD,,,,,no,"Binky Moon, LLC"
1261,tirol,gTLD,,,,,no,punkt Tirol GmbH
1262,tj,ccTLD,,,,,no,Information Technology Center
1263,tjmaxx,gTLD,,,,,no,"The TJX Companies, Inc."
1264,tjx,gTLD,,,,,no,"The TJX Companies, Inc."
1265,tk,ccTLD,,,,,no,Telecommunication Tokelau Corporation (Teletok)
1266,tkmaxx,gTLD,,,,,no,"The TJX Companies, Inc."
1267,tl,ccTLD,,,,,no,Autoridade Nacional de Comunicações
1268,tm,ccTLD,,,,,no,TM Domain Registry Ltd
1269,tmall,gTLD,,,,,no,Alibaba Group Holding Limited
1270,tn,ccTLD,,,,,no,Agence Tunisienne d'Internet
1271,to,ccTLD,,,,,no,"Government of the Kingdom of Tonga
H.R.H. Crown Prince Tupouto'a
c/o Consulate of Tonga"
1272,today,gTLD,,,,,no,"Binky Moon, LLC"
1273,tokyo,gTLD,,,,,no,"GMO Registry, Inc."
1274,tools,gTLD,,,,,no,"Binky Moon, LLC"
1275,top,gTLD,,,,,no,"Jiangsu Bangning Science & Technology Co.,Ltd."
1276,toray,gTLD,,,,,no,"Toray Industries, Inc."
1277,toshiba,gTLD,,,,,no,TOSHIBA Corporation
1278,total,gTLD,,,,,no,Total SA
1279,tours,gTLD,,,,,no,"Binky Moon, LLC"
1280,town,gTLD,,,,,no,"Binky Moon, LLC"
1281,toyota,gTLD,,,,,no,TOYOTA MOTOR CORPORATION
1282,toys,gTLD,,,,,no,"Binky Moon, LLC"
1283,tp,ccTLD,,,,,no,
1284,tr,ccTLD,,,,,no,Bilgi Teknolojileri ve İletişim Kurumu (BTK)
1285,trade,gTLD,,,,,no,Elite Registry Limited
1286,trading,gTLD,,,,,no,"Dog Beach, LLC"
1287,training,gTLD,,,,,no,"Binky Moon, LLC"
1288,travel,sTLD,,,,,no,"Dog	Beach, LLC"
1289,travelchannel,gTLD,,,,,no,"Lifestyle Domain Holdings, Inc."
1290,travelers,gTLD,,,,,no,"Travelers TLD, LLC"
1291,travelersinsurance,gTLD,,,,,no,"Travelers TLD, LLC"
1292,trust,gTLD,,,,,no,UNR Corp.
1293,trv,gTLD,,,,,no,"Travelers TLD, LLC"
1294,tt,ccTLD,,,,,no,"University of the West Indies
Faculty of Engineering"
1295,tube,gTLD,,,,,no,Latin American Telecom LLC
1296,tui,gTLD,,,,,no,TUI AG
1297,tunes,gTLD,,,,,no,"Amazon Registry Services, Inc."
1298,tushu,gTLD,,,books,,no,"Amazon Registry Services, Inc."
1299,tv,ccTLD,,,,,no,Ministry of Finance and Tourism
1300,tvs,gTLD,,,,,no,T V SUNDRAM IYENGAR  & SONS PRIVATE LIMITED
1301,tw,ccTLD,,,,,no,Taiwan Network Information Center (TWNIC)
1302,tz,ccTLD,,,,,no,Tanzania Communications Regulatory Authority
1303,ua,ccTLD,,,,,no,Hostmaster Ltd.
1304,ubank,gTLD,,,,,no,National Australia Bank Limited
1305,ubs,gTLD,,,,,no,UBS AG
1306,uconnect,gTLD,,,,,no,
1307,ug,ccTLD,,,,,no,Uganda Online Ltd.
1308,uk,ccTLD,,,,,no,Nominet UK
1309,um,ccTLD,,,,,no,
1310,unicom,gTLD,,,,,no,China United Network Communications Corporation Limited
1311,university,gTLD,,,,,no,"Binky Moon, LLC"
1312,uno,gTLD,,,one,,no,Radix FZC
1313,uol,gTLD,,,,,no,UBN INTERNET LTDA.
1314,ups,gTLD,,,,,no,"UPS Market Driver, Inc."
1315,us,ccTLD,,,,,no,"Registry Services, LLC"
1316,uy,ccTLD,,,,,no,SeCIU - Universidad de la Republica
1317,uz,ccTLD,,,,,no,Single Integrator for Creation and Support of State Information Systems UZINFOCOM
1318,va,ccTLD,,,,,no,Holy See - Vatican City State
1319,vacations,gTLD,,,,,no,"Binky Moon, LLC"
1320,vana,gTLD,,,,,no,"Lifestyle Domain Holdings, Inc."
1321,vanguard,gTLD,,,,,no,"The Vanguard Group, Inc."
1322,vc,ccTLD,,,,,no,"Ministry of Telecommunications, Science, Technology and Industry"
1323,ve,ccTLD,,,,,no,Comisión Nacional de Telecomunicaciones (CONATEL)
1324,vegas,gTLD,,,,,no,"Dot Vegas, Inc."
1325,ventures,gTLD,,,,,no,"Binky Moon, LLC"
1326,verisign,gTLD,,,,,no,"VeriSign, Inc."
1327,vermögensberater,gTLD,xn--vermgensberater-ctb,de,financial advisor,,no,Deutsche Vermögensberatung Aktiengesellschaft DVAG
1328,vermögensberatung,gTLD,xn--vermgensberatung-pwb,de,financial advice,,no,Deutsche Vermögensberatung Aktiengesellschaft DVAG
1329,versicherung,gTLD,,,insurance,,no,TLD-BOX Registrydienstleistungen GmbH
1330,vet,gTLD,,,,,no,"Dog Beach, LLC"
1331,vg,ccTLD,,,,,no,Telecommunications Regulatory Commission of the Virgin Islands
1332,vi,ccTLD,,,,,no,"Virgin Islands Public Telecommunications System, Inc."
1333,viajes,gTLD,,,travel,,no,"Binky Moon, LLC"
1334,video,gTLD,,,,,no,"Dog Beach, LLC"
1335,vig,gTLD,,,,,no,VIENNA INSURANCE GROUP AG Wiener Versicherung Gruppe
1336,viking,gTLD,,,,,no,Viking River Cruises (Bermuda) Ltd.
1337,villas,gTLD,,,,,no,"Binky Moon, LLC"
1338,vin,gTLD,,,,,no,"Binky Moon, LLC"
1339,vip,gTLD,,,,,no,"Registry Services, LLC"
1340,virgin,gTLD,,,,,no,Virgin Enterprises Limited
1341,visa,gTLD,,,,,no,Visa Worldwide Pte. Limited
1342,vision,gTLD,,,,,no,"Binky Moon, LLC"
1343,vista,gTLD,,,,,no,
1344,vistaprint,gTLD,,,,,no,
1345,viva,gTLD,,,,,no,Saudi Telecom Company
1346,vivo,gTLD,,,,,no,Telefonica Brasil S.A.
1347,vlaanderen,gTLD,,,,,no,DNS.be vzw
1348,vn,ccTLD,,,,,no,Viet Nam Internet Network Information Center (VNNIC)
1349,vodka,gTLD,,,,,no,"Registry Services, LLC"
1350,volkswagen,gTLD,,,,,no,Volkswagen Group of America Inc.
1351,volvo,gTLD,,,,,no,Volvo Holding Sverige Aktiebolag
1352,vote,gTLD,,,,,no,Monolith Registry LLC
1353,voting,gTLD,,,,,no,Valuetainment Corp.
1354,voto,gTLD,,,vote,,no,Monolith Registry LLC
1355,voyage,gTLD,,,,,no,"Binky Moon, LLC"
1356,vu,ccTLD,,,,,no,Telecommunications Radiocommunications and Broadcasting Regulator (TRBR)
1357,vuelos,gTLD,,,flights,,no,Travel Reservations SRL
1358,wales,gTLD,,,,,no,Nominet UK
1359,walmart,gTLD,,,,,no,"Wal-Mart Stores, Inc."
1360,walter,gTLD,,,,,no,Sandvik AB
1361,wang,gTLD,,,,,no,Zodiac Wang Limited
1362,wanggou,gTLD,,,online shopping,,no,"Amazon Registry Services, Inc."
1363,warman,gTLD,,,,,no,
1364,watch,gTLD,,,,,no,"Binky Moon, LLC"
1365,watches,gTLD,,,,,no,Afilias Limited
1366,weather,gTLD,,,,,no,International Business Machines Corporation
1367,weatherchannel,gTLD,,,,,no,International Business Machines Corporation
1368,webcam,gTLD,,,,,no,dot Webcam Limited
1369,weber,gTLD,,,,,no,Saint-Gobain Weber SA
1370,website,gTLD,,,,,no,Radix FZC
1371,wed,gTLD,,,,,no,Emergency Back-End Registry Operator Program - ICANN
1372,wedding,gTLD,,,,,no,"Registry Services, LLC"
1373,weibo,gTLD,,,microblogging,,no,Sina Corporation
1374,weir,gTLD,,,,,no,Weir Group IP Limited
1375,wf,ccTLD,,,,,no,Association Française pour le Nommage Internet en Coopération (A.F.N.I.C.)
1376,whoswho,gTLD,,,,,no,Who's Who Registry
1377,wien,gTLD,,,,,no,punkt.wien GmbH
1378,wiki,gTLD,,,,,no,"Top Level Design, LLC"
1379,williamhill,gTLD,,,,,no,William Hill Organization Limited
1380,win,gTLD,,,,,no,First Registry Limited
1381,windows,gTLD,,,,,no,Microsoft Corporation
1382,wine,gTLD,,,,,no,"Binky Moon, LLC"
1383,winners,gTLD,,,,,no,"The TJX Companies, Inc."
1384,wme,gTLD,,,,,no,"William Morris Endeavor Entertainment, LLC"
1385,wolterskluwer,gTLD,,,,,no,Wolters Kluwer N.V.
1386,woodside,gTLD,,,,,no,Woodside Petroleum Limited
1387,work,gTLD,,,,,no,"Registry Services, LLC"
1388,works,gTLD,,,,,no,"Binky Moon, LLC"
1389,world,gTLD,,,,,no,"Binky Moon, LLC"
1390,wow,gTLD,,,,,no,"Amazon Registry Services, Inc."
1391,ws,ccTLD,,,,,no,Government of Samoa Ministry of Foreign Affairs & Trade
1392,wtc,gTLD,,,,,no,"World Trade Centers Association, Inc."
1393,wtf,gTLD,,,,,no,"Binky Moon, LLC"
1394,xbox,gTLD,,,,,no,Microsoft Corporation
1395,xerox,gTLD,,,,,no,Xerox DNHC LLC
1396,xfinity,gTLD,,,,,no,"Comcast IP Holdings I, LLC"
1397,xihuan,gTLD,,,like,,no,QIHOO 360 TECHNOLOGY CO. LTD.
1398,xin,gTLD,,,credit; honest,,no,Elegant Leader Limited
1399,xperia,gTLD,,,,,no,
1400,xxx,sTLD,,,,,no,ICM Registry LLC
1401,xyz,gTLD,,,,,no,XYZ.COM LLC
1402,yachts,gTLD,,,,,no,XYZ.COM LLC
1403,yahoo,gTLD,,,,,no,OATH INC
1404,yamaxun,gTLD,,,,,no,"Amazon Registry Services, Inc."
1405,yandex,gTLD,,,,,no,Yandex Europe B.V.
1406,ye,ccTLD,,,,,no,TeleYemen
1407,yodobashi,gTLD,,,,,no,"YODOBASHI CAMERA CO.,LTD."
1408,yoga,gTLD,,,,,no,"Registry Services, LLC"
1409,yokohama,gTLD,,,,,no,"GMO Registry, Inc."
1410,you,gTLD,,,,,no,"Amazon Registry Services, Inc."
1411,youtube,gTLD,,,,,no,Charleston Road Registry Inc.
1412,yt,ccTLD,,,,,no,Association Française pour le Nommage Internet en Coopération (A.F.N.I.C.)
1413,yun,gTLD,,,,,no,QIHOO 360 TECHNOLOGY CO. LTD.
1414,za,ccTLD,,,,,no,ZA Domain Name Authority
1415,zappos,gTLD,,,,,no,"Amazon Registry Services, Inc."
1416,zara,gTLD,,,,,no,"Industria de Diseño Textil, S.A. (INDITEX, S.A.)"
1417,zero,gTLD,,,,,no,"Amazon Registry Services, Inc."
1418,zip,gTLD,,,,,no,Charleston Road Registry Inc.
1419,zippo,gTLD,,,,,no,
1420,zm,ccTLD,,,,,no,Zambia Information and Communications Technology Authority (ZICTA)
1421,zone,gTLD,,,,,no,"Binky Moon, LLC"
1422,zuerich,gTLD,,,,,no,Kanton Zürich (Canton of Zurich)
1423,zw,ccTLD,,,,,no,Postal and Telecommunications Regulatory Authority of Zimbabwe (POTRAZ)
1424,δοκιμή,test,xn--jxalpdlp,el,test,dokimé,no,
1425,ελ,ccTLD,xn--qxam,el,ht,,no,ICS-FORTH GR
1426,ευ,ccTLD,xn--qxa6a,,,,no,EURid vzw
1427,бг,ccTLD,xn--90ae,sr,bg,,no,Imena.BG AD
1428,бел,ccTLD,xn--90ais,bg,bell,,no,Belarusian Cloud Technologies LLC
1429,дети,gTLD,xn--d1acj3b,ru,kids,dyeti,no,The Foundation for Network Initiatives “The Smart Internet”
1430,ею,ccTLD,xn--e1a4c,ru,her,,no,EURid vzw
1431,испытание,test,xn--80akhbyknj4f,ru,test,ispytánije,no,
1432,католик,gTLD,xn--80aqecdr1a,mn,catholic,Katolik,no,Pontificium Consilium de Comunicationibus Socialibus (PCCS) (Pontifical Council for Social Communication)
1433,ком,gTLD,xn--j1aef,ru,com,kom,no,VeriSign Sarl
1434,мкд,ccTLD,xn--d1alf,ru,mcd,,no,Macedonian Academic Research Network Skopje
1435,мон,ccTLD,xn--l1acc,ru,mont,,no,"Datacom Co.,Ltd"
1436,москва,gTLD,xn--80adxhks,ru,moscow,moskva,no,Foundation for Assistance for Internet Technologies and Infrastructure Development (FAITID)
1437,онлайн,gTLD,xn--80asehdb,ru,online,onlain,no,CORE Association
1438,орг,gTLD,xn--c1avg,ru,organization,org,no,Public Interest Registry
1439,рус,gTLD,xn--p1acf,ru,russian,rus,no,Rusnames Limited
1440,рф,ccTLD,xn--p1ai,ru,rf,,no,Coordination Center for TLD RU
1441,сайт,gTLD,xn--80aswg,ru,site,sait,no,CORE Association
1442,срб,ccTLD,xn--90a3ac,bg,srb,,no,Serbian National Internet Domain Registry (RNIDS)
1443,укр,ccTLD,xn--j1amh,uk,ukr,,no,"Ukrainian Network Information Centre (UANIC), Inc."
1444,қаз,ccTLD,xn--80ao21a,ru,goose,,no,Association of IT Companies of Kazakhstan
1445,հայ,ccTLD,xn--y9a3aq,hy,armenian,,no,"""Internet Society"" Non-governmental Organization"
1446,טעסט,test,xn--deba0ad,en,test,,yes,
1447,ישראל,ccTLD,xn--4dbrk0ce,,,,yes,The Israel Internet Association (RA)
1448,קום,gTLD,xn--9dbq2a,he,get up,qom,yes,VeriSign Sarl
1449,آزمایشی,test,xn--hgbk6aj7f53bba,fa,in the cloud,,yes,
1450,إختبار,test,xn--kgbechtv,ar,test,,yes,
1451,ابوظبي,gTLD,xn--mgbca7dzdo,ar,abu dhabi,abu thabi,yes,Abu Dhabi Systems and Information Centre
1452,اتصالات,gTLD,xn--mgbaakc7dvf,ar,telecom,itissalat,yes,Emirates Telecommunications Corporation (trading as Etisalat)
1453,ارامكو,gTLD,xn--mgba3a3ejt,ar,aramco,,yes,Aramco Services Company
1454,الاردن,ccTLD,xn--mgbayh7gpa,ar,jordan,,yes,Ministry of Digital Economy and Entrepreneurship (MoDEE)
1455,البحرين,ccTLD,xn--mgbcpq6gpa1a,,,,yes,Telecommunications Regulatory Authority (TRA)
1456,الجزائر,ccTLD,xn--lgbbat1ad8j,ar,algeria,,yes,CERIST
1457,السعودية,ccTLD,xn--mgberp4a5d4ar,ar,saudi arabia,,yes,Communications and Information Technology Commission
1458,العليان,gTLD,xn--mgba7c0bbn0a,ar,olayan,al-alian,yes,Crescent Holding GmbH
1459,المغرب,ccTLD,xn--mgbc0a9azcg,ar,morocco,,yes,Agence Nationale de Réglementation des Télécommunications (ANRT)
1460,امارات,ccTLD,xn--mgbaam7a8h,fa,uae,,yes,Telecommunications and Digital Government Regulatory Authority (TDRA)
1461,ایران,ccTLD,xn--mgba3a4f16a,fa,iran,,yes,Institute for Research in Fundamental Sciences (IPM)
1462,بارت,ccTLD,xn--mgbbh1a,ar,bart,,yes,National Internet eXchange of India
1463,بازار,gTLD,xn--mgbab2bd,ar,bazaar,,yes,CORE Association
1464,بيتك,gTLD,xn--ngbe9e0a,ar,b-tech,baytak,yes,Kuwait Finance House
1465,بھارت,ccTLD,xn--mgbbh1a71e,ur,india,,yes,National Internet Exchange of India
1466,تونس,ccTLD,xn--pgbs0dh,ar,tunisia,,yes,Agence Tunisienne d'Internet
1467,سودان,ccTLD,xn--mgbpl2fh,fa,sudan,sudan,yes,Sudan Internet Society
1468,سورية,ccTLD,xn--ogbpf8fl,ar,syria,,yes,National Agency for Network Services (NANS)
1469,شبكة,gTLD,xn--ngbc5azd,ar,web,,yes,International Domain Registry Pty. Ltd.
1470,عراق,ccTLD,xn--mgbtx2b,fa,iraq,,yes,Communications and Media Commission (CMC)
1471,عرب,gTLD,xn--ngbrx,ar,Arabs,arab,yes,League of Arab States
1472,عمان,ccTLD,xn--mgb9awbf,ar,oman,,yes,Telecommunications Regulatory Authority (TRA)
1473,فلسطين,ccTLD,xn--ygbi2ammx,ar,palestine,,yes,Ministry of Telecom & Information Technology (MTIT)
1474,قطر,ccTLD,xn--wgbl6a,ar,qatar,,yes,Communications Regulatory Authority
1475,كاثوليك,gTLD,xn--mgbi4ecexp,ar,catholic,catholic,yes,Pontificium Consilium de Comunicationibus Socialibus (PCCS) (Pontifical Council for Social Communication)
1476,كوم,gTLD,xn--fhbei,ar,com,com,yes,VeriSign Sarl
1477,مصر,ccTLD,xn--wgbh1c,ar,egypt,,yes,National Telecommunication Regulatory Authority - NTRA
1478,مليسيا,ccTLD,xn--mgbx4cd0ab,ar,malysia,,yes,MYNIC Berhad
1479,موبايلي,gTLD,xn--mgbb9fbpob,ar,mobily,mobily,yes,
1480,موريتانيا,ccTLD,xn--mgbah1a3hjkrd,ar,mauritania,,yes,Université de Nouakchott Al Aasriya
1481,موقع,gTLD,xn--4gbrim,ar,site,,yes,Helium TLDs Ltd
1482,همراه,gTLD,xn--mgbt3dhd,fa,along,hamra,yes,Asia Green IT System Bilgisayar San. ve Tic. Ltd. Sti.
1483,پاكستان,ccTLD,xn--mgbai9a5eva00b,fa,pakistan,,yes,Not assigned
1484,پاکستان,ccTLD,xn--mgbai9azgqp6j,ur,pakistan,,yes,National Telecommunication Corporation
1485,ڀارت,ccTLD,xn--mgbgu82a,sd,india,,yes,National Internet eXchange of India
1486,कॉम,gTLD,xn--11b4c3d,hi,com,koma,no,VeriSign Sarl
1487,नेट,gTLD,xn--c2br7g,hi,met,neta,no,VeriSign Sarl
1488,परीक्षा,test,xn--11b5bs3a9aj6g,hi,exam,parīkṣā,no,
1489,भारत,ccTLD,xn--h2brj9c,hi,india,,no,National Internet Exchange of India
1490,भारतम्,ccTLD,xn--h2breg3eve,ne,bharatam,,no,National Internet eXchange of India
1491,भारोत,ccTLD,xn--h2brj9c8c,hi,bharot,,no,National Internet eXchange of India
1492,संगठन,gTLD,xn--i1b6b1a6a2e,hi,organization,saṅgaṭhana,no,Public Interest Registry
1493,বাংলা,ccTLD,xn--54b7fta0cc,bn,bengali,,no,Posts and Telecommunications Division
1494,ভারত,ccTLD,xn--45brj9c,bn,india,,no,National Internet Exchange of India
1495,ভাৰত,ccTLD,xn--45br5cyl,bn,bharata,,no,National Internet eXchange of India
1496,ਭਾਰਤ,ccTLD,xn--s9brj9c,pa,india,,no,National Internet Exchange of India
1497,ભારત,ccTLD,xn--gecrj9c,gu,india,,no,National Internet Exchange of India
1498,ଭାରତ,ccTLD,xn--3hcrj9c,en,ଭାରତ,,no,National Internet eXchange of India
1499,இந்தியா,ccTLD,xn--xkc2dl3a5ee0h,ta,india,,no,National Internet Exchange of India
1500,இலங்கை,ccTLD,xn--xkc2al3hye2a,ta,sri lanka,,no,LK Domain Registry
1501,சிங்கப்பூர்,ccTLD,xn--clchc0ea0b2g2a9gcd,ta,singapore,,no,Singapore Network Information Centre (SGNIC) Pte Ltd
1502,பரிட்சை,test,xn--hlcj6aya9esc7a,ta,in ayurveda,pariṭcai,no,
1503,భారత్,ccTLD,xn--fpcrj9c3d,te,india,,no,National Internet Exchange of India
1504,ಭಾರತ,ccTLD,xn--2scrj9c,kn,india,,no,National Internet eXchange of India
1505,ഭാരതം,ccTLD,xn--rvc1e0am3e,ml,india,,no,National Internet eXchange of India
1506,ලංකා,ccTLD,xn--fzc2c9e2c,si,the,,no,LK Domain Registry
1507,คอม,gTLD,xn--42c2d9a,th,com,khxm,no,VeriSign Sarl
1508,ไทย,ccTLD,xn--o3cw4h,th,thai,,no,Thai Network Information Center Foundation
1509,ລາວ,ccTLD,xn--q7ce6a,,,,no,Lao National Internet Center (LANIC)
1510,გე,ccTLD,xn--node,ka,customize,,no,Information Technologies Development Center (ITDC)
1511,みんな,gTLD,xn--q9jyb4c,ja,everyone,minna,no,Charleston Road Registry Inc.
1512,アマゾン,gTLD,xn--cckwcxetd,,,,no,"Amazon Registry Services, Inc."
1513,クラウド,gTLD,xn--gckr3f0f,ja,cloud,kuraudo,no,"Amazon Registry Services, Inc."
1514,グーグル,gTLD,xn--qcka1pmc,ja,google,guguru,no,Charleston Road Registry Inc.
1515,コム,gTLD,xn--tckwe,ja,com,komu,no,VeriSign Sarl
1516,ストア,gTLD,xn--cck2b3b,ja,store,sutoa,no,"Amazon Registry Services, Inc."
1517,セール,gTLD,xn--1ck2e1b,ja,sale,sēru,no,"Amazon Registry Services, Inc."
1518,テスト,test,xn--zckzah,ja,test,tesuto,no,
1519,ファッション,gTLD,xn--bck1b9a5dre4c,ja,fashion,fasshon,no,"Amazon Registry Services, Inc."
1520,ポイント,gTLD,xn--eckvdtc9d,ja,point,pointo,no,"Amazon Registry Services, Inc."
1521,世界,gTLD,xn--rhqv96g,zh,world,shìjiè,no,Stable Tone Limited
1522,中信,gTLD,xn--fiq64b,zh,citic,,no,CITIC Group Corporation
1523,中国,ccTLD,xn--fiqs8s,zh-hans,china,,no,China Internet Network Information Center (CNNIC)
1524,中國,ccTLD,xn--fiqz9s,zh-hant,china,,no,China Internet Network Information Center (CNNIC)
1525,中文网,gTLD,xn--fiq228c5hs,zh,dot chinese website,Zhōngwén wǎng,no,TLD REGISTRY LIMITED
1526,亚马逊,gTLD,xn--jlq480n2rg,,,,no,"Amazon Registry Services, Inc."
1527,企业,gTLD,xn--vhquv,zh-hans,enterprise,,no,"Binky Moon, LLC"
1528,佛山,gTLD,xn--1qqw23a,zh,foshan,fòshān,no,"Guangzhou YU Wei Information Technology Co., Ltd."
1529,信息,gTLD,xn--vuq861b,zh-hans,information,xinxi,no,"Beijing Tele-info Network Technology Co., Ltd."
1530,健康,gTLD,xn--nyqy26a,zh-hans,healthy and fit,jiankang,no,Stable Tone Limited
1531,八卦,gTLD,xn--45q11c,zh-hans,gossip,Bāguà,no,Zodiac Gemini Ltd
1532,公司,gTLD,xn--55qx5d,zh,company,gōngsī,no,Computer Network Information Center of Chinese Academy of Sciences （China Internet Network Information Center）
1533,公益,gTLD,xn--55qw42g,zh,charity,Gōngyì,no,China Organizational Name Administration Center
1534,台湾,ccTLD,xn--kprw13d,zh-hans,taiwan,,no,Taiwan Network Information Center (TWNIC)
1535,台灣,ccTLD,xn--kpry57d,zh-hant,taiwan,,no,Taiwan Network Information Center (TWNIC)
1536,商城,gTLD,xn--czru2d,zh,mall,shāngchéng,no,Zodiac Aquarius Limited
1537,商店,gTLD,xn--czrs0t,zh-hans,shop,shangdian,no,"Binky Moon, LLC"
1538,商标,gTLD,xn--czr694b,zh,trademark,shāngbiāo,no,Internet DotTrademark Organisation Limited
1539,嘉里,gTLD,xn--w4rs40l,zh-hans,kerry,jia li,no,Kerry Trading Co. Limited
1540,嘉里大酒店,gTLD,xn--w4r85el8fhu5dnra,zh-hans,kerry hotel,jia li da jiudian,no,Kerry Trading Co. Limited
1541,在线,gTLD,xn--3ds443g,zh,dot chinese online,zàixiàn,no,TLD REGISTRY LIMITED
1542,大众汽车,gTLD,xn--3oq18vl8pn36a,zh-hans,volkswagen,dazhong qiche,no,
1543,大拿,gTLD,xn--pssy2u,zh-hans,big take,da na,no,VeriSign Sarl
1544,天主教,gTLD,xn--tiq49xqyj,zh-hans,catholicism,tianzhujiao,no,Pontificium Consilium de Comunicationibus Socialibus (PCCS) (Pontifical Council for Social Communication)
1545,娱乐,gTLD,xn--fjq720a,zh-hans,entertainment,yule,no,"Binky Moon, LLC"
1546,家電,gTLD,xn--fct429k,ja,consumer electronics,kaden,no,"Amazon Registry Services, Inc."
1547,工行,gTLD,xn--estv75g,zh-hans,icbc,gonghang,no,
1548,广东,gTLD,xn--xhq521b,zh-hans,guangdong,Guǎngdōng,no,"Guangzhou YU Wei Information Technology Co., Ltd."
1549,微博,gTLD,xn--9krt00a,ja,miho,weibo,no,Sina Corporation
1550,慈善,gTLD,xn--30rr7y,zh-hans,charity,Císhàn,no,Excellent First Limited
1551,我爱你,gTLD,xn--6qq986b3xl,zh,i love you,wǒ ài nǐ,no,Tycoon Treasure Limited
1552,手机,gTLD,xn--kput3i,zh,cell,,no,"Beijing RITT-Net Technology Development Co., Ltd"
1553,手表,gTLD,xn--kpu716f,zh-hans,watch,shoubiao,no,
1554,招聘,gTLD,xn--otu796d,zh-hans,recruitment,zhaopin,no,Dot Trademark TLD Holding Company Limited
1555,政务,gTLD,xn--zfr164b,zh,government,,no,China Organizational Name Administration Center
1556,政府,gTLD,xn--mxtq1m,zh-hans,government,zhengfu,no,"Net-Chinese Co., Ltd."
1557,新加坡,ccTLD,xn--yfro4i67o,zh-hans,singapore,,no,Singapore Network Information Centre (SGNIC) Pte Ltd
1558,新闻,gTLD,xn--efvy88h,zh-hans,news,xinwen,no,"Guangzhou YU Wei Information and Technology Co.,Ltd"
1559,时尚,gTLD,xn--9et52u,zh-hans,fashion,shishang,no,RISE VICTORY LIMITED
1560,書籍,gTLD,xn--rovu88b,ja,a book,shoseki,no,"Amazon Registry Services, Inc."
1561,机构,gTLD,xn--nqv7f,zh,agencies,jīgòu,no,Public Interest Registry
1562,测试,test,xn--0zwm56d,zh,test,cèshì,no,
1563,淡马锡,gTLD,xn--b4w605ferd,zh-hans,temasek,danmaxi,no,Temasek Holdings (Private) Limited
1564,測試,test,xn--g6w251d,zh,measured job interview,cèshì,no,
1565,游戏,gTLD,xn--unup4y,zh-hans,game,,no,"Binky Moon, LLC"
1566,澳門,ccTLD,xn--mix891f,zh-hant,macau,,no,Macao Post and Telecommunications Bureau (CTT)
1567,点看,gTLD,xn--3pxu8k,zh-hans,look at it,dian kan,no,VeriSign Sarl
1568,珠宝,gTLD,xn--pbt977c,zh-hans,jewelry,zhubao,no,
1569,移动,gTLD,xn--6frz82g,zh,mobile,yídòng,no,Afilias Limited
1570,组织机构,gTLD,xn--nqv7fs00ema,zh,organization,,no,Public Interest Registry
1571,网址,gTLD,xn--ses554g,zh,network address,wǎngzhǐ,no,"KNET Co., Ltd"
1572,网店,gTLD,xn--hxt814e,zh-hans,online shop,wang dian,no,Zodiac Taurus Ltd.
1573,网站,gTLD,xn--5tzm5g,zh-hans,website,wǎngzhàn,no,Global Website TLD Asia Limited
1574,网络,gTLD,xn--io0a7i,zh,network,wǎngluò,no,Computer Network Information Center of Chinese Academy of Sciences （China Internet Network Information Center）
1575,联通,gTLD,xn--8y0a063a,zh-hans,china unicom,liantong,no,China United Network Communications Corporation Limited
1576,诺基亚,gTLD,xn--jlq61u9w7b,zh-hans,nokia,nuojiya,no,
1577,谷歌,gTLD,xn--flw351e,zh-hans,google,guge,no,Charleston Road Registry Inc.
1578,购物,gTLD,xn--g2xx48c,zh-hans,shopping,gouwu,no,"Nawang Heli(Xiamen) Network Service Co., LTD."
1579,通販,gTLD,xn--gk3at1e,ja,mail order,tsuhan,no,"Amazon Registry Services, Inc."
1580,集团,gTLD,xn--3bst00m,zh,group,jítuán,no,Eagle Horizon Limited
1581,電訊盈科,gTLD,xn--fzys8d69uvgm,zh-hans,pccw,dianxun yingke,no,PCCW Enterprises Limited
1582,飞利浦,gTLD,xn--kcrx77d1x4a,zh-hans,philips,feilipu,no,Koninklijke Philips N.V.
1583,食品,gTLD,xn--jvr189m,zh-hans,food,shokuhin,no,"Amazon Registry Services, Inc."
1584,餐厅,gTLD,xn--imr513n,zh-hans,restaurant,canting,no,Internet DotTrademark Organisation Limited
1585,香格里拉,gTLD,xn--5su34j936bgsg,zh-hans,shangri-la,xianggelila,no,Shangri‐La International Hotel Management Limited
1586,香港,ccTLD,xn--j6w193g,zh-hans,hong kong,,no,Hong Kong Internet Registration Corporation Ltd.
1587,닷넷,gTLD,xn--t60b56a,ko,net,datnet,no,VeriSign Sarl
1588,닷컴,gTLD,xn--mk1bu44c,ko,dotcom,datkeom,no,VeriSign Sarl
1589,삼성,gTLD,xn--cg4bki,ko,samsung,,no,"SAMSUNG SDS CO., LTD"
1590,테스트,test,xn--9t4b11yi5a,ko,test,teseuteu,no,
1591,한국,ccTLD,xn--3e0b707e,ko,republic of korea,,no,KISA (Korea Internet & Security Agency)
